,Precipitacion_mm,Temp_Max_C,Temp_Min_C,Temp_Media_C,Humedad_Relativa,Velocidad_Viento,Radiacion_Solar,Anio,Mes,ONI,VolumenUtilDiarioMasa,irca,POBLACION TOTAL,DENSIDAD POBLACIONAL,INDICE DE DESEMPENO INSTITUCIONAL,ACCESO A AGUA POTABLE ADECUADO,PORCENTAJE DE LA POBLACION CON ACCESO A METODOS DE SANEAMIENTO ADECUADOS,COBERTURA DE ACUEDUCTO URBANO,COBERTURA DE ACUEDUCTO RURAL,COBERTURA DE ALCANTARILLADO URBANO,COBERTURA DE ALCANTARILLADO RURAL,CONTINUIDAD DE ACUEDUCTO URBANO,CALIDAD DEL AGUA,AGUAS RESIDUALES TRATADAS,Nivel_Minimo,CONDUCTIVIDAD ELECTRICA,DEMANDA BIOQUIMICA DE OXIGENO (DBO5),DEMANDA QUIMICA DE OXIGENO (DQO),FOSFORO TOTAL,NITROGENO TOTAL,OXIGENO DISUELTO (OD),SOLIDOS SUSPENDIDOS TOTALES,TEMPERATURA,TURBIDEZ,pH
Precipitacion_mm,1.0,-0.2877989391489498,0.08783863957894608,-0.14220406143527553,0.6362956809141729,-0.15402625979104215,-0.4363616846107672,0.039822359648625925,0.11666656150343922,0.05049170319524004,0.07730735324146684,-0.173639409392216,-0.027578529014846736,-0.027578529014846736,0.03900831531619792,0.03153571635729599,0.021659891221059976,0.0793980649914357,0.03069077471302442,0.03214645210433645,-0.1456855212497464,,0.143960588065884,0.2518273815507985,0.4377696875109977,-0.2954621848739496,-0.20695614117321068,-0.14482917378139232,-0.33061183221500223,-0.35073891625615766,0.1601594398205319,-0.16521384379609902,-0.14144373730111756,0.15191808748843505,-0.3810301384168211
Temp_Max_C,-0.2877989391489498,1.0,0.7765498580875588,0.9534112921947542,-0.694250385311952,-0.07837230195870237,0.43665367419301343,0.027871163634589625,-0.12868017516463698,0.02191633582910032,-0.02266869897885533,0.2671792033141727,0.854250716357631,0.854250716357631,0.25220893523403826,0.6910184067105104,0.5353784650110955,0.5391310127459359,0.794300946050853,0.18591617169691638,-0.29771936050358616,,0.1078690024652539,0.13179884900817504,0.34174037072740204,0.6849472969003587,-0.35749849301016584,0.4443196949088197,0.6976168642171833,0.7929548034035325,-0.8531085659112725,0.4628482249981693,0.7934148331656045,0.3788596803662416,0.06202872107437545
Temp_Min_C,0.08783863957894608,0.7765498580875588,1.0,0.8833875236190902,-0.20511308510648119,-0.26426872943860763,0.21275385591057225,0.03785573603984627,-0.020551604530585004,0.025708059367911523,-0.02120833173508577,-0.019827271279834927,0.7571819249846923,0.7571819249846923,0.2353950062184357,0.7382166498895558,0.6993819380518612,0.590548807253591,0.826454738200026,0.09782688783609415,-0.4526026019591243,,0.11590830219890914,0.32899390592476363,0.65295744613665,0.16807529792718093,-0.377934807473595,0.03950088097922837,0.26954480646612505,0.17440571631242652,-0.5328498709439707,0.3496313754461724,0.6083813703887865,0.5090561845676033,-0.38729198285069055
Temp_Media_C,-0.14220406143527553,0.9534112921947542,0.8833875236190902,1.0,-0.5232032003004312,-0.11719869673614003,0.3741161359856127,0.05857551777755171,-0.06808013258097595,0.05722921123487956,-0.018181953391000292,0.1673835022509428,0.8726278050195725,0.8726278050195725,0.2912330591027843,0.75782853486202,0.6134903817115854,0.611796914141652,0.8563239866598242,0.17681073881406292,-0.41281481652871094,,0.14035607970804925,0.24191715085452506,0.5123188175142963,0.5988906779530515,-0.38273180412330515,0.35398591820440767,0.5912837148297452,0.7611774906855904,-0.7764330141757917,0.4137848241954266,0.7714162259319061,0.42900812030184826,-0.018346861363075045
Humedad_Relativa,0.6362956809141729,-0.694250385311952,-0.20511308510648119,-0.5232032003004312,1.0,-0.14423687850739275,-0.4876038277773199,0.05199362134073798,0.1895590518709039,0.021612369286138616,0.07068881556467677,-0.4267131525990377,-0.4580190361126076,-0.4580190361126076,-0.016140933796172343,-0.23056497128111086,-0.09114528105726209,-0.08472991209930328,-0.28131983756450907,-0.13365655790707084,-0.13674176106587446,,0.10015719545780305,0.3310067518514835,0.28140705807596256,-0.6007827320514887,-0.03871861581551789,-0.3867823504930152,-0.5753578491950468,-0.7369458128078817,0.4856525405805682,-0.28845877058469827,-0.38514925738112327,0.22376767878906206,-0.3828162538070485
Velocidad_Viento,-0.15402625979104215,-0.07837230195870237,-0.26426872943860763,-0.11719869673614003,-0.14423687850739275,1.0,-0.16048319407876124,0.05474398088866784,-0.14216935543291884,0.16410580740272984,0.03381951937622345,0.05752565152876836,0.0055618602640774475,0.0055618602640774475,0.447420545960082,0.049848733663563044,-0.12704531055014323,0.16402201139925288,-0.0255063758095474,-0.027466660316562145,-0.2058113265765833,,0.38459041798494875,0.18884605098204563,0.2736839279427646,-0.007935945659378423,0.22321428571428573,0.11289424345339058,0.02036906913300029,-0.1274768095969836,-0.029101262391064926,0.07684729957294399,-0.1968011602864174,-0.004060067559395969,0.011761040542366409
Radiacion_Solar,-0.4363616846107672,0.43665367419301343,0.21275385591057225,0.3741161359856127,-0.4876038277773199,-0.16048319407876124,1.0,0.00315530831411256,0.06202033935971906,-0.00893514196721569,0.14707754098020165,0.03520391997587036,0.2506287708513495,0.2506287708513495,-0.18630338983326702,0.15036062677184958,0.2054597298378407,0.08108973939169131,0.2671924482255924,0.1003925880219537,0.03047374490297631,,-0.19958086938672406,-0.09078105095880923,-0.2812638121261479,0.22425508422032228,-0.5475429033026336,0.0036744068129696654,0.19758630528454293,0.36974997201264437,-0.27266178483522135,0.3397051089486465,0.378257011660436,0.16934128866920123,-0.09213812356402239
Anio,0.039822359648625925,0.027871163634589625,0.03785573603984627,0.05857551777755171,0.05199362134073798,0.05474398088866784,0.00315530831411256,1.0,0.0,-0.25457649135534294,0.5891746791302561,0.13033515079727465,0.18600835106560612,0.18600835106560612,,-0.07966649663613579,-0.21673486797855085,0.22360679774997896,0.12565617248750865,0.6623703042426295,-0.31153747351560346,,-0.10910894511799618,0.0,0.502668768982242,0.36012457093205774,0.155217914981849,0.24925372077396837,0.3133088708585023,-0.21083872751845711,-0.43984274486175573,0.1886004847489863,-0.06250577571508897,0.2431259817974645,-0.17012623952134132
Mes,0.11666656150343922,-0.12868017516463698,-0.020551604530585004,-0.06808013258097595,0.1895590518709039,-0.14216935543291884,0.06202033935971906,0.0,1.0,-0.14946189570038834,0.2049507033286523,0.0,0.0,0.0,0.0,0.0,0.0,0.0,0.0,0.0,0.0,,0.0,0.0,0.0946805379389849,0.13755340490766205,-0.3118248045944081,0.0505337893055159,0.1345407351317453,0.22137976027297948,-0.06527272087833173,0.2115463100131904,0.10636892078176771,-0.1539968481413033,0.02515578102965702
ONI,0.05049170319524004,0.02191633582910032,0.025708059367911523,0.05722921123487956,0.021612369286138616,0.16410580740272984,-0.00893514196721569,-0.25457649135534294,-0.14946189570038834,1.0,0.1579530902994056,-0.028305409697093702,-0.011013817711785044,-0.011013817711785044,0.0,-0.03760109012815547,-0.1257372123861838,0.045943755842480415,0.025818161911704426,0.01647412365930556,-0.053214886919296676,,0.028252909435471034,0.0,-0.12337305775189406,-0.36012085055377246,-0.24276951623665974,-0.28936308068009986,-0.37638093671286127,-0.3002001735712182,0.3548151719441107,-0.15942573294886841,-0.17884402668164678,-0.14816553843036273,-0.12665401646810853
VolumenUtilDiarioMasa,0.07730735324146684,-0.02266869897885533,-0.02120833173508577,-0.018181953391000292,0.07068881556467677,0.03381951937622345,0.14707754098020165,0.5891746791302561,0.2049507033286523,0.1579530902994056,1.0,-0.1108808467440229,0.14810531819464762,0.14810531819464762,0.0,-0.07780025828151069,-0.33126421547698864,0.20906027202310126,0.10917816632172607,0.595077465684646,-0.26965645581384867,,0.09194621406122841,0.0,0.13601209050097957,-0.08143720110537678,-0.26007313742448673,-0.18473973291849854,0.008032162300804285,-0.07980272769832711,0.15846497906327478,0.0819290117702415,-0.16514230160347398,0.008859623899229174,-0.29606168271469574
irca,-0.173639409392216,0.2671792033141727,-0.019827271279834927,0.1673835022509428,-0.4267131525990377,0.05752565152876836,0.03520391997587036,0.13033515079727465,0.0,-0.028305409697093702,-0.1108808467440229,1.0,0.30992656739919366,0.30992656739919366,0.7378647873726218,-0.1298852140589887,-0.2724606851434096,-0.11150681138936737,0.16460490040005743,0.3385714808706034,0.2740219131903385,,0.5030030300035687,0.049088069367381595,-0.3059252255649718,0.43068844101209774,0.19759267002298378,0.504510918892574,0.3311701420320236,0.49703708329128293,-0.27477425424117113,-0.008082177995465454,-0.0037044205538998443,-0.23751950615956102,0.3600966517658488
POBLACION TOTAL,-0.027578529014846736,0.854250716357631,0.7571819249846923,0.8726278050195725,-0.4580190361126076,0.0055618602640774475,0.2506287708513495,0.18600835106560612,0.0,-0.011013817711785044,0.14810531819464762,0.30992656739919366,1.0,1.0,0.4,0.7623508321429403,0.4980809296191196,0.6736491520518402,0.8990755888590045,0.36456072614698487,-0.45123877080363145,,0.21428571428571427,0.19518001458970663,0.8574413833324961,0.6407895410572909,-0.5264323490754701,0.4468450886766275,0.7366073345631539,0.6943259403217087,-0.8642905355121195,0.5719468136862718,0.5878517606815161,0.6197647065320203,-0.1049580591073699
DENSIDAD POBLACIONAL,-0.027578529014846736,0.854250716357631,0.7571819249846923,0.8726278050195725,-0.4580190361126076,0.0055618602640774475,0.2506287708513495,0.18600835106560612,0.0,-0.011013817711785044,0.14810531819464762,0.30992656739919366,1.0,1.0,0.4,0.7623508321429403,0.4980809296191196,0.6736491520518402,0.8990755888590045,0.36456072614698487,-0.45123877080363145,,0.21428571428571427,0.19518001458970663,0.8574413833324961,0.6407895410572909,-0.5264323490754701,0.4468450886766275,0.7366073345631539,0.6943259403217087,-0.8642905355121195,0.5719468136862718,0.5878517606815161,0.6197647065320203,-0.1049580591073699
INDICE DE DESEMPENO INSTITUCIONAL,0.03900831531619792,0.25220893523403826,0.2353950062184357,0.2912330591027843,-0.016140933796172343,0.447420545960082,-0.18630338983326702,,0.0,0.0,0.0,0.7378647873726218,0.4,0.4,1.0,0.31622776601683794,0.2,,0.7745966692414833,-0.9486832980505139,-0.7745966692414833,,1.0,0.8,,1.0,,1.0,1.0,1.0,-1.0,0.5,1.0,1.0,0.5
ACCESO A AGUA POTABLE ADECUADO,0.03153571635729599,0.6910184067105104,0.7382166498895558,0.75782853486202,-0.23056497128111086,0.049848733663563044,0.15036062677184958,-0.07966649663613579,0.0,-0.03760109012815547,-0.07780025828151069,-0.1298852140589887,0.7623508321429403,0.7623508321429403,0.31622776601683794,1.0,0.7870728070034804,0.805211928902431,0.7277811844324164,-0.0831509779424536,-0.5798728752256133,,0.16488754406534833,0.3119251469460218,0.8404886071070661,0.37133704466021644,-0.5013853302863954,0.1934348484992942,0.5320925607891478,0.49567056759682027,-0.745441055010835,0.6030417280456348,0.6921908206054923,0.6409123710476698,-0.35282389971184874
PORCENTAJE DE LA POBLACION CON ACCESO A METODOS DE SANEAMIENTO ADECUADOS,0.021659891221059976,0.5353784650110955,0.6993819380518612,0.6134903817115854,-0.09114528105726209,-0.12704531055014323,0.2054597298378407,-0.21673486797855085,0.0,-0.1257372123861838,-0.33126421547698864,-0.2724606851434096,0.4980809296191196,0.4980809296191196,0.2,0.7870728070034804,1.0,0.5659512365875284,0.5954008071083364,-0.28006100174129855,-0.31808465373094963,,-0.2155727271443866,-0.049088069367381595,0.8509099042394004,0.07077930784706449,-0.3151717619646319,-0.005773794280224241,0.25299936803965467,0.23282940223138893,-0.424542777542034,0.4147867922191414,0.5762045823665686,0.4543333355777561,-0.36414737826795057
COBERTURA DE ACUEDUCTO URBANO,0.0793980649914357,0.5391310127459359,0.590548807253591,0.611796914141652,-0.08472991209930328,0.16402201139925288,0.08108973939169131,0.22360679774997896,0.0,0.045943755842480415,0.20906027202310126,-0.11150681138936737,0.6736491520518402,0.6736491520518402,,0.805211928902431,0.5659512365875284,1.0,0.6868295951599089,0.1970059570589586,-0.5655209336910499,,,,0.8404886071070661,0.28579830697348013,-0.4794069199521,0.16755347119156758,0.4619111207686428,0.32732683535398854,-0.6744882979413848,0.6034534106539285,0.5777562396116038,0.6154244410706586,-0.4113570019428818
COBERTURA DE ACUEDUCTO RURAL,0.03069077471302442,0.794300946050853,0.826454738200026,0.8563239866598242,-0.28131983756450907,-0.0255063758095474,0.2671924482255924,0.12565617248750865,0.0,0.025818161911704426,0.10917816632172607,0.16460490040005743,0.8990755888590045,0.8990755888590045,0.7745966692414833,0.7277811844324164,0.5954008071083364,0.6868295951599089,1.0,0.2185862471932729,-0.5667350044327922,,0.629940788348712,0.7745966692414833,0.8564759543080146,0.4100006994661819,-0.503684648219569,0.214078807972236,0.5703341366581778,0.5348405573334052,-0.7666594471413443,0.5934458298559258,0.734966380856178,0.6147624402164161,-0.28876755500204543
COBERTURA DE ALCANTARILLADO URBANO,0.03214645210433645,0.18591617169691638,0.09782688783609415,0.17681073881406292,-0.13365655790707084,-0.027466660316562145,0.1003925880219537,0.6623703042426295,0.0,0.01647412365930556,0.595077465684646,0.3385714808706034,0.36456072614698487,0.36456072614698487,-0.9486832980505139,-0.0831509779424536,-0.28006100174129855,0.1970059570589586,0.2185862471932729,1.0,-0.06340542371062731,,-0.8486684247915055,-0.6324555320336759,-0.3230702771333085,0.33789444860618895,-0.1543033499620919,0.2926995929856517,0.3314109837539248,-0.03870624902856388,-0.38734274576120487,0.25378176036265254,-0.043239699488228645,0.125862896956603,-0.0798948413381055
COBERTURA DE ALCANTARILLADO RURAL,-0.1456855212497464,-0.29771936050358616,-0.4526026019591243,-0.41281481652871094,-0.13674176106587446,-0.2058113265765833,0.03047374490297631,-0.31153747351560346,0.0,-0.053214886919296676,-0.26965645581384867,0.2740219131903385,-0.45123877080363145,-0.45123877080363145,-0.7745966692414833,-0.5798728752256133,-0.31808465373094963,-0.5655209336910499,-0.5667350044327922,-0.06340542371062731,1.0,,-0.629940788348712,-0.7745966692414833,-0.7755365347753621,-0.20130456878015635,0.5138254785968848,0.029720309209882386,-0.3441353582284666,-0.193390195754594,0.5138288982293561,-0.39289950603975426,-0.5284827021480574,-0.5263060791369093,0.42943860679589896
CONTINUIDAD DE ACUEDUCTO URBANO,,,,,,,,,,,,,,,,,,,,,,,,,,,,,,,,,,,
CALIDAD DEL AGUA,0.143960588065884,0.1078690024652539,0.11590830219890914,0.14035607970804925,0.10015719545780305,0.38459041798494875,-0.19958086938672406,-0.10910894511799618,0.0,0.028252909435471034,0.09194621406122841,0.5030030300035687,0.21428571428571427,0.21428571428571427,1.0,0.16488754406534833,-0.2155727271443866,,0.629940788348712,-0.8486684247915055,-0.629940788348712,,1.0,0.7319250547113999,,0.5654461466217139,-1.0,0.39665625210776945,0.5148091782675306,0.5907646307988055,-0.5974790825125827,0.09283444198266944,0.6920385675071722,0.14712247158412492,0.24474534704521944
AGUAS RESIDUALES TRATADAS,0.2518273815507985,0.13179884900817504,0.32899390592476363,0.24191715085452506,0.3310067518514835,0.18884605098204563,-0.09078105095880923,0.0,0.0,0.0,0.0,0.049088069367381595,0.19518001458970663,0.19518001458970663,0.8,0.3119251469460218,-0.049088069367381595,,0.7745966692414833,-0.6324555320336759,-0.7745966692414833,,0.7319250547113999,1.0,,0.26352313834736496,-1.0,0.21081851067789195,0.26352313834736496,0.15811388300841897,-0.4763305116224668,0.15811388300841897,0.5270462766947299,0.29277002188455997,-0.21081851067789195
Nivel_Minimo,0.4377696875109977,0.34174037072740204,0.65295744613665,0.5123188175142963,0.28140705807596256,0.2736839279427646,-0.2812638121261479,0.502668768982242,0.0946805379389849,-0.12337305775189406,0.13601209050097957,-0.3059252255649718,0.8574413833324961,0.8574413833324961,,0.8404886071070661,0.8509099042394004,0.8404886071070661,0.8564759543080146,-0.3230702771333085,-0.7755365347753621,,,,1.0,-0.7762237762237763,-0.3404271044608361,-0.4203158810030077,-0.16783216783216784,,0.08391608391608392,0.17482517482517482,0.4125874125874126,0.6386004222984786,-0.7552447552447552
CONDUCTIVIDAD ELECTRICA,-0.2954621848739496,0.6849472969003587,0.16807529792718093,0.5988906779530515,-0.6007827320514887,-0.007935945659378423,0.22425508422032228,0.36012457093205774,0.13755340490766205,-0.36012085055377246,-0.08143720110537678,0.43068844101209774,0.6407895410572909,0.6407895410572909,1.0,0.37133704466021644,0.07077930784706449,0.28579830697348013,0.4100006994661819,0.33789444860618895,-0.20130456878015635,,0.5654461466217139,0.26352313834736496,-0.7762237762237763,1.0,0.36011739134610005,0.763287509601228,0.8023677187449753,0.9177339901477832,-0.7561350464690479,0.27298706050494964,0.46236973140844106,-0.16842427808073987,0.4919678268139545
DEMANDA BIOQUIMICA DE OXIGENO (DBO5),-0.20695614117321068,-0.35749849301016584,-0.377934807473595,-0.38273180412330515,-0.03871861581551789,0.22321428571428573,-0.5475429033026336,0.155217914981849,-0.3118248045944081,-0.24276951623665974,-0.26007313742448673,0.19759267002298378,-0.5264323490754701,-0.5264323490754701,,-0.5013853302863954,-0.3151717619646319,-0.4794069199521,-0.503684648219569,-0.1543033499620919,0.5138254785968848,,-1.0,-1.0,-0.3404271044608361,0.36011739134610005,1.0,0.5487548415661999,0.06250001860545146,0.2857243743174461,0.16309788609014617,-0.2174811062463569,-0.5913928746494463,-0.2506002995815371,0.4883492160515338
DEMANDA QUIMICA DE OXIGENO (DQO),-0.14482917378139232,0.4443196949088197,0.03950088097922837,0.35398591820440767,-0.3867823504930152,0.11289424345339058,0.0036744068129696654,0.24925372077396837,0.0505337893055159,-0.28936308068009986,-0.18473973291849854,0.504510918892574,0.4468450886766275,0.4468450886766275,1.0,0.1934348484992942,-0.005773794280224241,0.16755347119156758,0.214078807972236,0.2926995929856517,0.029720309209882386,,0.39665625210776945,0.21081851067789195,-0.4203158810030077,0.763287509601228,0.5487548415661999,1.0,0.696745120651984,0.7960591133004926,-0.5849899248884078,0.2886892612988735,0.3203174847277507,0.021079048267669834,0.4740978945743184
FOSFORO TOTAL,-0.33061183221500223,0.6976168642171833,0.26954480646612505,0.5912837148297452,-0.5753578491950468,0.02036906913300029,0.19758630528454293,0.3133088708585023,0.1345407351317453,-0.37638093671286127,0.008032162300804285,0.3311701420320236,0.7366073345631539,0.7366073345631539,1.0,0.5320925607891478,0.25299936803965467,0.4619111207686428,0.5703341366581778,0.3314109837539248,-0.3441353582284666,,0.5148091782675306,0.26352313834736496,-0.16783216783216784,0.8023677187449753,0.06250001860545146,0.696745120651984,1.0,0.8438423645320197,-0.7760653237970215,0.5895171991425947,0.5158985358630827,0.45831592712247726,0.28247722584408985
NITROGENO TOTAL,-0.35073891625615766,0.7929548034035325,0.17440571631242652,0.7611774906855904,-0.7369458128078817,-0.1274768095969836,0.36974997201264437,-0.21083872751845711,0.22137976027297948,-0.3002001735712182,-0.07980272769832711,0.49703708329128293,0.6943259403217087,0.6943259403217087,1.0,0.49567056759682027,0.23282940223138893,0.32732683535398854,0.5348405573334052,-0.03870624902856388,-0.193390195754594,,0.5907646307988055,0.15811388300841897,,0.9177339901477832,0.2857243743174461,0.7960591133004926,0.8438423645320197,1.0,-0.73130471916096,0.26666671728429825,0.6991870130889357,-0.2802197802197802,0.66379208673168
OXIGENO DISUELTO (OD),0.1601594398205319,-0.8531085659112725,-0.5328498709439707,-0.7764330141757917,0.4856525405805682,-0.029101262391064926,-0.27266178483522135,-0.43984274486175573,-0.06527272087833173,0.3548151719441107,0.15846497906327478,-0.27477425424117113,-0.8642905355121195,-0.8642905355121195,-1.0,-0.745441055010835,-0.424542777542034,-0.6744882979413848,-0.7666594471413443,-0.38734274576120487,0.5138288982293561,,-0.5974790825125827,-0.4763305116224668,0.08391608391608392,-0.7561350464690479,0.16309788609014617,-0.5849899248884078,-0.7760653237970215,-0.73130471916096,1.0,-0.4570234647659966,-0.6340362198429024,-0.3783246757742376,-0.05247232296606844
SOLIDOS SUSPENDIDOS TOTALES,-0.16521384379609902,0.4628482249981693,0.3496313754461724,0.4137848241954266,-0.28845877058469827,0.07684729957294399,0.3397051089486465,0.1886004847489863,0.2115463100131904,-0.15942573294886841,0.0819290117702415,-0.008082177995465454,0.5719468136862718,0.5719468136862718,0.5,0.6030417280456348,0.4147867922191414,0.6034534106539285,0.5934458298559258,0.25378176036265254,-0.39289950603975426,,0.09283444198266944,0.15811388300841897,0.17482517482517482,0.27298706050494964,-0.2174811062463569,0.2886892612988735,0.5895171991425947,0.26666671728429825,-0.4570234647659966,1.0,0.3754293263962671,0.8683888820498764,-0.08703588078631536
TEMPERATURA,-0.14144373730111756,0.7934148331656045,0.6083813703887865,0.7714162259319061,-0.38514925738112327,-0.1968011602864174,0.378257011660436,-0.06250577571508897,0.10636892078176771,-0.17884402668164678,-0.16514230160347398,-0.0037044205538998443,0.5878517606815161,0.5878517606815161,1.0,0.6921908206054923,0.5762045823665686,0.5777562396116038,0.734966380856178,-0.043239699488228645,-0.5284827021480574,,0.6920385675071722,0.5270462766947299,0.4125874125874126,0.46236973140844106,-0.5913928746494463,0.3203174847277507,0.5158985358630827,0.6991870130889357,-0.6340362198429024,0.3754293263962671,1.0,0.36019574309427554,0.0791603623833468
TURBIDEZ,0.15191808748843505,0.3788596803662416,0.5090561845676033,0.42900812030184826,0.22376767878906206,-0.004060067559395969,0.16934128866920123,0.2431259817974645,-0.1539968481413033,-0.14816553843036273,0.008859623899229174,-0.23751950615956102,0.6197647065320203,0.6197647065320203,1.0,0.6409123710476698,0.4543333355777561,0.6154244410706586,0.6147624402164161,0.125862896956603,-0.5263060791369093,,0.14712247158412492,0.29277002188455997,0.6386004222984786,-0.16842427808073987,-0.2506002995815371,0.021079048267669834,0.45831592712247726,-0.2802197802197802,-0.3783246757742376,0.8683888820498764,0.36019574309427554,1.0,-0.4739376392880904
pH,-0.3810301384168211,0.06202872107437545,-0.38729198285069055,-0.018346861363075045,-0.3828162538070485,0.011761040542366409,-0.09213812356402239,-0.17012623952134132,0.02515578102965702,-0.12665401646810853,-0.29606168271469574,0.3600966517658488,-0.1049580591073699,-0.1049580591073699,0.5,-0.35282389971184874,-0.36414737826795057,-0.4113570019428818,-0.28876755500204543,-0.0798948413381055,0.42943860679589896,,0.24474534704521944,-0.21081851067789195,-0.7552447552447552,0.4919678268139545,0.4883492160515338,0.4740978945743184,0.28247722584408985,0.66379208673168,-0.05247232296606844,-0.08703588078631536,0.0791603623833468,-0.4739376392880904,1.0
