Variable_1,Variable_2,Pearson,Spearman,Abs_Pearson,Abs_Spearman,N_Par,Clasificacion
AGUAS RESIDUALES TRATADAS,DEMANDA BIOQUIMICA DE OXIGENO (DBO5),-1.0,-1.0,1.0,1.0,2,No concluyente (n < 30)
CALIDAD DEL AGUA,DEMANDA BIOQUIMICA DE OXIGENO (DBO5),-1.0,-1.0,1.0,1.0,2,No concluyente (n < 30)
INDICE DE DESEMPENO INSTITUCIONAL,TURBIDEZ,1.0,1.0,1.0,1.0,2,No concluyente (n < 30)
POBLACION TOTAL,DENSIDAD POBLACIONAL,0.9958285597370201,1.0,0.9958285597370201,1.0,528,Muy fuerte
INDICE DE DESEMPENO INSTITUCIONAL,OXIGENO DISUELTO (OD),-0.9946976878214308,-1.0,0.9946976878214308,1.0,3,No concluyente (n < 30)
COBERTURA DE ALCANTARILLADO RURAL,AGUAS RESIDUALES TRATADAS,-0.9518639659043956,-0.7745966692414833,0.9518639659043956,0.7745966692414833,96,Muy fuerte
COBERTURA DE ACUEDUCTO RURAL,AGUAS RESIDUALES TRATADAS,0.9518639659043954,0.7745966692414833,0.9518639659043954,0.7745966692414833,96,Muy fuerte
Temp_Max_C,Temp_Media_C,0.9413415958248187,0.9534112921947542,0.9413415958248187,0.9534112921947542,528,Muy fuerte
ACCESO A AGUA POTABLE ADECUADO,COBERTURA DE ACUEDUCTO URBANO,0.9386140912483517,0.805211928902431,0.9386140912483517,0.805211928902431,528,Muy fuerte
INDICE DE DESEMPENO INSTITUCIONAL,SOLIDOS SUSPENDIDOS TOTALES,0.9326897814624298,0.5,0.9326897814624298,0.5,3,No concluyente (n < 30)
CONDUCTIVIDAD ELECTRICA,NITROGENO TOTAL,0.9319835782330247,0.9177339901477832,0.9319835782330247,0.9177339901477832,29,No concluyente (n < 30)
INDICE DE DESEMPENO INSTITUCIONAL,TEMPERATURA,0.9256959649302327,1.0,0.9256959649302327,1.0,3,No concluyente (n < 30)
CONDUCTIVIDAD ELECTRICA,FOSFORO TOTAL,0.9141256446746779,0.8023677187449753,0.9141256446746779,0.8023677187449753,49,Muy fuerte
INDICE DE DESEMPENO INSTITUCIONAL,COBERTURA DE ALCANTARILLADO URBANO,-0.912515249835361,-0.9486832980505139,0.912515249835361,0.9486832980505139,48,Muy fuerte
INDICE DE DESEMPENO INSTITUCIONAL,CALIDAD DEL AGUA,0.9120738620329274,1.0,0.9120738620329274,1.0,48,Muy fuerte
Temp_Min_C,Temp_Media_C,0.8997748396828731,0.8833875236190902,0.8997748396828731,0.8833875236190902,528,Fuerte
DENSIDAD POBLACIONAL,OXIGENO DISUELTO (OD),-0.8876789949778077,-0.8642905355121195,0.8876789949778077,0.8642905355121195,50,Fuerte
ACCESO A AGUA POTABLE ADECUADO,COBERTURA DE ACUEDUCTO RURAL,0.8827679829119515,0.7277811844324164,0.8827679829119515,0.7277811844324164,528,Fuerte
POBLACION TOTAL,FOSFORO TOTAL,0.8818171731579585,0.7366073345631539,0.8818171731579585,0.7366073345631539,49,Fuerte
DENSIDAD POBLACIONAL,FOSFORO TOTAL,0.867321880399887,0.7366073345631539,0.867321880399887,0.7366073345631539,49,Fuerte
POBLACION TOTAL,OXIGENO DISUELTO (OD),-0.8659236844879361,-0.8642905355121195,0.8659236844879361,0.8642905355121195,50,Fuerte
POBLACION TOTAL,CONDUCTIVIDAD ELECTRICA,0.8619537926675054,0.6407895410572909,0.8619537926675054,0.6407895410572909,50,Fuerte
Temp_Max_C,OXIGENO DISUELTO (OD),-0.8452082831174603,-0.8531085659112725,0.8452082831174603,0.8531085659112725,50,Fuerte
DENSIDAD POBLACIONAL,CONDUCTIVIDAD ELECTRICA,0.8414613402522286,0.6407895410572909,0.8414613402522286,0.6407895410572909,50,Fuerte
FOSFORO TOTAL,NITROGENO TOTAL,0.8270654645434151,0.8438423645320197,0.8270654645434151,0.8438423645320197,29,No concluyente (n < 30)
POBLACION TOTAL,Nivel_Minimo,0.8267638495159672,0.8574413833324961,0.8267638495159672,0.8574413833324961,87,Fuerte
SOLIDOS SUSPENDIDOS TOTALES,TURBIDEZ,0.8175967966425479,0.8683888820498764,0.8175967966425479,0.8683888820498764,34,Fuerte
COBERTURA DE ACUEDUCTO URBANO,COBERTURA DE ACUEDUCTO RURAL,0.815547154937789,0.6868295951599089,0.815547154937789,0.6868295951599089,528,Fuerte
Temp_Max_C,TEMPERATURA,0.8120301126283962,0.7934148331656045,0.8120301126283962,0.7934148331656045,50,Fuerte
COBERTURA DE ALCANTARILLADO URBANO,CALIDAD DEL AGUA,-0.804659027853817,-0.8486684247915055,0.804659027853817,0.8486684247915055,96,Fuerte
Nivel_Minimo,TURBIDEZ,0.7996356127801872,0.6386004222984786,0.7996356127801872,0.6386004222984786,12,No concluyente (n < 30)
INDICE DE DESEMPENO INSTITUCIONAL,DEMANDA QUIMICA DE OXIGENO (DQO),0.7984031019722234,1.0,0.7984031019722234,1.0,3,No concluyente (n < 30)
Temp_Media_C,OXIGENO DISUELTO (OD),-0.7962425704800324,-0.7764330141757917,0.7962425704800324,0.7764330141757917,50,Fuerte
Humedad_Relativa,CONDUCTIVIDAD ELECTRICA,-0.7857005887589088,-0.6007827320514887,0.7857005887589088,0.6007827320514887,50,Fuerte
Temp_Media_C,TEMPERATURA,0.7812578101959871,0.7714162259319061,0.7812578101959871,0.7714162259319061,50,Fuerte
Temp_Max_C,DENSIDAD POBLACIONAL,0.7803979883098209,0.854250716357631,0.7803979883098209,0.854250716357631,528,Fuerte
AGUAS RESIDUALES TRATADAS,OXIGENO DISUELTO (OD),-0.7797865091371275,-0.4763305116224668,0.7797865091371275,0.4763305116224668,9,No concluyente (n < 30)
COBERTURA DE ACUEDUCTO RURAL,TEMPERATURA,0.7760656052800782,0.734966380856178,0.7760656052800782,0.734966380856178,50,Fuerte
Temp_Media_C,COBERTURA DE ACUEDUCTO RURAL,0.7692973879866617,0.8563239866598242,0.7692973879866617,0.8563239866598242,528,Fuerte
FOSFORO TOTAL,OXIGENO DISUELTO (OD),-0.7678003818412584,-0.7760653237970215,0.7678003818412584,0.7760653237970215,49,Fuerte
Temp_Max_C,Humedad_Relativa,-0.7636722500185221,-0.694250385311952,0.7636722500185221,0.694250385311952,528,Fuerte
CONDUCTIVIDAD ELECTRICA,OXIGENO DISUELTO (OD),-0.7635359193974837,-0.7561350464690479,0.7635359193974837,0.7561350464690479,50,Fuerte
Temp_Max_C,Temp_Min_C,0.7628590961163014,0.7765498580875588,0.7628590961163014,0.7765498580875588,528,Fuerte
Temp_Min_C,COBERTURA DE ACUEDUCTO RURAL,0.7539169551178727,0.826454738200026,0.7539169551178727,0.826454738200026,528,Fuerte
Humedad_Relativa,NITROGENO TOTAL,-0.7515621641211647,-0.7369458128078817,0.7515621641211647,0.7369458128078817,29,No concluyente (n < 30)
POBLACION TOTAL,NITROGENO TOTAL,0.7497102795315989,0.6943259403217087,0.7497102795315989,0.6943259403217087,29,No concluyente (n < 30)
COBERTURA DE ACUEDUCTO RURAL,OXIGENO DISUELTO (OD),-0.7479876127113941,-0.7666594471413443,0.7479876127113941,0.7666594471413443,50,Fuerte
Temp_Max_C,POBLACION TOTAL,0.742010982005294,0.854250716357631,0.742010982005294,0.854250716357631,528,Fuerte
Temp_Media_C,DENSIDAD POBLACIONAL,0.7403711360407792,0.8726278050195725,0.7403711360407792,0.8726278050195725,528,Fuerte
DENSIDAD POBLACIONAL,NITROGENO TOTAL,0.7362901208741066,0.6943259403217087,0.7362901208741066,0.6943259403217087,29,No concluyente (n < 30)
DEMANDA QUIMICA DE OXIGENO (DQO),NITROGENO TOTAL,0.7347691187182083,0.7960591133004926,0.7347691187182083,0.7960591133004926,29,No concluyente (n < 30)
CALIDAD DEL AGUA,pH,0.7345179688069101,0.24474534704521944,0.7345179688069101,0.24474534704521944,9,No concluyente (n < 30)
INDICE DE DESEMPENO INSTITUCIONAL,AGUAS RESIDUALES TRATADAS,0.7290766549206337,0.8,0.7290766549206337,0.8,48,Fuerte
Humedad_Relativa,FOSFORO TOTAL,-0.7251110640826779,-0.5753578491950468,0.7251110640826779,0.5753578491950468,49,Fuerte
CONDUCTIVIDAD ELECTRICA,DEMANDA QUIMICA DE OXIGENO (DQO),0.719718080680289,0.763287509601228,0.719718080680289,0.763287509601228,49,Fuerte
ACCESO A AGUA POTABLE ADECUADO,OXIGENO DISUELTO (OD),-0.7158818882870452,-0.745441055010835,0.7158818882870452,0.745441055010835,50,Fuerte
Temp_Min_C,TEMPERATURA,0.7131558014089412,0.6083813703887865,0.7131558014089412,0.6083813703887865,50,Fuerte
Nivel_Minimo,TEMPERATURA,0.7131010834765341,0.4125874125874126,0.7131010834765341,0.4125874125874126,12,No concluyente (n < 30)
DEMANDA BIOQUIMICA DE OXIGENO (DBO5),pH,0.7106454845063302,0.4883492160515338,0.7106454845063302,0.4883492160515338,26,No concluyente (n < 30)
DENSIDAD POBLACIONAL,Nivel_Minimo,0.7040999979488151,0.8574413833324961,0.7040999979488151,0.8574413833324961,87,Fuerte
AGUAS RESIDUALES TRATADAS,TEMPERATURA,0.6884220666332722,0.5270462766947299,0.6884220666332722,0.5270462766947299,9,No concluyente (n < 30)
CALIDAD DEL AGUA,TEMPERATURA,0.6858323737993114,0.6920385675071722,0.6858323737993114,0.6920385675071722,9,No concluyente (n < 30)
Temp_Media_C,POBLACION TOTAL,0.6844731374453293,0.8726278050195725,0.6844731374453293,0.8726278050195725,528,Moderada
Temp_Max_C,NITROGENO TOTAL,0.6773555802449812,0.7929548034035325,0.6773555802449812,0.7929548034035325,29,No concluyente (n < 30)
ACCESO A AGUA POTABLE ADECUADO,TEMPERATURA,0.67686053414027,0.6921908206054923,0.67686053414027,0.6921908206054923,50,Moderada
Temp_Media_C,ACCESO A AGUA POTABLE ADECUADO,0.6756635653196253,0.75782853486202,0.6756635653196253,0.75782853486202,528,Moderada
Temp_Max_C,CONDUCTIVIDAD ELECTRICA,0.6754409107655281,0.6849472969003587,0.6754409107655281,0.6849472969003587,50,Moderada
INDICE DE DESEMPENO INSTITUCIONAL,FOSFORO TOTAL,0.6749434914474639,1.0,0.6749434914474639,1.0,3,No concluyente (n < 30)
Anio,COBERTURA DE ALCANTARILLADO URBANO,0.6717776667909484,0.6623703042426295,0.6717776667909484,0.6623703042426295,528,Moderada
Temp_Max_C,FOSFORO TOTAL,0.6593333340934094,0.6976168642171833,0.6593333340934094,0.6976168642171833,49,Moderada
Temp_Min_C,ACCESO A AGUA POTABLE ADECUADO,0.6592220128201636,0.7382166498895558,0.6592220128201636,0.7382166498895558,528,Moderada
Temp_Min_C,AGUAS RESIDUALES TRATADAS,0.6579877652609201,0.32899390592476363,0.6579877652609201,0.32899390592476363,96,Moderada
COBERTURA DE ACUEDUCTO URBANO,OXIGENO DISUELTO (OD),-0.654525454133197,-0.6744882979413848,0.654525454133197,0.6744882979413848,50,Moderada
Humedad_Relativa,POBLACION TOTAL,-0.6543879291716573,-0.4580190361126076,0.6543879291716573,0.4580190361126076,528,Moderada
Humedad_Relativa,DENSIDAD POBLACIONAL,-0.6528293980413924,-0.4580190361126076,0.6528293980413924,0.4580190361126076,528,Moderada
DEMANDA QUIMICA DE OXIGENO (DQO),FOSFORO TOTAL,0.649379347483494,0.696745120651984,0.649379347483494,0.696745120651984,48,Moderada
Temp_Max_C,COBERTURA DE ACUEDUCTO RURAL,0.6464144385323348,0.794300946050853,0.6464144385323348,0.794300946050853,528,Moderada
INDICE DE DESEMPENO INSTITUCIONAL,COBERTURA DE ALCANTARILLADO RURAL,-0.6443379523259973,-0.7745966692414833,0.6443379523259973,0.7745966692414833,48,Moderada
INDICE DE DESEMPENO INSTITUCIONAL,COBERTURA DE ACUEDUCTO RURAL,0.6443379523259972,0.7745966692414833,0.6443379523259972,0.7745966692414833,48,Moderada
INDICE DE DESEMPENO INSTITUCIONAL,CONDUCTIVIDAD ELECTRICA,0.6423207431509059,1.0,0.6423207431509059,1.0,3,No concluyente (n < 30)
Humedad_Relativa,OXIGENO DISUELTO (OD),0.6388817929819669,0.4856525405805682,0.6388817929819669,0.4856525405805682,50,Moderada
Nivel_Minimo,SOLIDOS SUSPENDIDOS TOTALES,0.6388357739108331,0.17482517482517482,0.6388357739108331,0.17482517482517482,12,No concluyente (n < 30)
ACCESO A AGUA POTABLE ADECUADO,AGUAS RESIDUALES TRATADAS,0.6363793433471466,0.3119251469460218,0.6363793433471466,0.3119251469460218,96,Moderada
OXIGENO DISUELTO (OD),TEMPERATURA,-0.6359124619952512,-0.6340362198429024,0.6359124619952512,0.6340362198429024,50,Moderada
Temp_Media_C,COBERTURA DE ACUEDUCTO URBANO,0.6245036593863702,0.611796914141652,0.6245036593863702,0.611796914141652,528,Moderada
NITROGENO TOTAL,TEMPERATURA,0.6221290933263841,0.6991870130889357,0.6221290933263841,0.6991870130889357,29,No concluyente (n < 30)
Temp_Min_C,OXIGENO DISUELTO (OD),-0.6220767992510715,-0.5328498709439707,0.6220767992510715,0.5328498709439707,50,Moderada
NITROGENO TOTAL,OXIGENO DISUELTO (OD),-0.6137416975573362,-0.73130471916096,0.6137416975573362,0.73130471916096,29,No concluyente (n < 30)
INDICE DE DESEMPENO INSTITUCIONAL,NITROGENO TOTAL,0.6109960344993463,1.0,0.6109960344993463,1.0,3,No concluyente (n < 30)
Temp_Min_C,COBERTURA DE ACUEDUCTO URBANO,0.6083160900901904,0.590548807253591,0.6083160900901904,0.590548807253591,528,Moderada
DENSIDAD POBLACIONAL,TEMPERATURA,0.6075522466993226,0.5878517606815161,0.6075522466993226,0.5878517606815161,50,Moderada
COBERTURA DE ACUEDUCTO RURAL,COBERTURA DE ALCANTARILLADO RURAL,-0.6045802037767333,-0.5667350044327922,0.6045802037767333,0.5667350044327922,528,Moderada
Temp_Media_C,AGUAS RESIDUALES TRATADAS,0.5974798721911426,0.24191715085452506,0.5974798721911426,0.24191715085452506,96,Moderada
DEMANDA BIOQUIMICA DE OXIGENO (DBO5),NITROGENO TOTAL,0.5869164031905093,0.2857243743174461,0.5869164031905093,0.2857243743174461,9,No concluyente (n < 30)
INDICE DE DESEMPENO INSTITUCIONAL,PORCENTAJE DE LA POBLACION CON ACCESO A METODOS DE SANEAMIENTO ADECUADOS,0.5806525903946,0.2,0.5806525903946,0.2,48,Moderada
POBLACION TOTAL,DEMANDA QUIMICA DE OXIGENO (DQO),0.5799106521258719,0.4468450886766275,0.5799106521258719,0.4468450886766275,49,Moderada
COBERTURA DE ACUEDUCTO URBANO,TEMPERATURA,0.5741610052634587,0.5777562396116038,0.5741610052634587,0.5777562396116038,50,Moderada
Anio,VolumenUtilDiarioMasa,0.5738938907334586,0.5891746791302561,0.5738938907334586,0.5891746791302561,336,Moderada
Nivel_Minimo,pH,-0.5729888472196178,-0.7552447552447552,0.5729888472196178,0.7552447552447552,12,No concluyente (n < 30)
Temp_Media_C,Humedad_Relativa,-0.5679169476707837,-0.5232032003004312,0.5679169476707837,0.5232032003004312,528,Moderada
Precipitacion_mm,Humedad_Relativa,0.5674624005718127,0.6362956809141729,0.5674624005718127,0.6362956809141729,528,Moderada
CONDUCTIVIDAD ELECTRICA,DEMANDA BIOQUIMICA DE OXIGENO (DBO5),0.5637625184798303,0.36011739134610005,0.5637625184798303,0.36011739134610005,26,No concluyente (n < 30)
DEMANDA QUIMICA DE OXIGENO (DQO),OXIGENO DISUELTO (OD),-0.5634989660318762,-0.5849899248884078,0.5634989660318762,0.5849899248884078,49,Moderada
Temp_Max_C,ACCESO A AGUA POTABLE ADECUADO,0.5620644277437404,0.6910184067105104,0.5620644277437404,0.6910184067105104,528,Moderada
POBLACION TOTAL,TEMPERATURA,0.5544804942160322,0.5878517606815161,0.5544804942160322,0.5878517606815161,50,Moderada
DENSIDAD POBLACIONAL,DEMANDA QUIMICA DE OXIGENO (DQO),0.5535673411786384,0.4468450886766275,0.5535673411786384,0.4468450886766275,49,Moderada
NITROGENO TOTAL,pH,0.5498420480759016,0.66379208673168,0.5498420480759016,0.66379208673168,29,No concluyente (n < 30)
FOSFORO TOTAL,TURBIDEZ,0.5412436869638776,0.45831592712247726,0.5412436869638776,0.45831592712247726,33,Moderada
Temp_Media_C,NITROGENO TOTAL,0.536174430880981,0.7611774906855904,0.536174430880981,0.7611774906855904,29,No concluyente (n < 30)
Temp_Media_C,FOSFORO TOTAL,0.5358548926137648,0.5912837148297452,0.5358548926137648,0.5912837148297452,49,Moderada
VolumenUtilDiarioMasa,COBERTURA DE ALCANTARILLADO URBANO,0.5321854724330795,0.595077465684646,0.5321854724330795,0.595077465684646,336,Moderada
Humedad_Relativa,DEMANDA QUIMICA DE OXIGENO (DQO),-0.5286654022125911,-0.3867823504930152,0.5286654022125911,0.3867823504930152,49,Moderada
DENSIDAD POBLACIONAL,COBERTURA DE ACUEDUCTO RURAL,0.5281133927465498,0.8990755888590045,0.5281133927465498,0.8990755888590045,528,Moderada
DEMANDA BIOQUIMICA DE OXIGENO (DBO5),DEMANDA QUIMICA DE OXIGENO (DQO),0.5242774090946274,0.5487548415661999,0.5242774090946274,0.5487548415661999,25,No concluyente (n < 30)
Temp_Min_C,DENSIDAD POBLACIONAL,0.5217972859808142,0.7571819249846923,0.5217972859808142,0.7571819249846923,528,Moderada
Temp_Media_C,CONDUCTIVIDAD ELECTRICA,0.5182849002934562,0.5988906779530515,0.5182849002934562,0.5988906779530515,50,Moderada
Temp_Max_C,COBERTURA DE ACUEDUCTO URBANO,0.515434645808221,0.5391310127459359,0.515434645808221,0.5391310127459359,528,Moderada
Nivel_Minimo,OXIGENO DISUELTO (OD),-0.5117764343346932,0.08391608391608392,0.5117764343346932,0.08391608391608392,12,No concluyente (n < 30)
FOSFORO TOTAL,SOLIDOS SUSPENDIDOS TOTALES,0.5108846534626124,0.5895171991425947,0.5108846534626124,0.5895171991425947,49,Moderada
irca,POBLACION TOTAL,0.5062751976952371,0.30992656739919366,0.5062751976952371,0.30992656739919366,528,Moderada
COBERTURA DE ALCANTARILLADO URBANO,AGUAS RESIDUALES TRATADAS,-0.5045140684561116,-0.6324555320336759,0.5045140684561116,0.6324555320336759,96,Moderada
Anio,OXIGENO DISUELTO (OD),-0.5031956760947406,-0.43984274486175573,0.5031956760947406,0.43984274486175573,50,Moderada
ACCESO A AGUA POTABLE ADECUADO,COBERTURA DE ALCANTARILLADO RURAL,-0.49615043981148427,-0.5798728752256133,0.49615043981148427,0.5798728752256133,528,Débil
COBERTURA DE ACUEDUCTO URBANO,TURBIDEZ,0.49614783017772857,0.6154244410706586,0.49614783017772857,0.6154244410706586,34,Débil
CONDUCTIVIDAD ELECTRICA,TEMPERATURA,0.4951994959704961,0.46236973140844106,0.4951994959704961,0.46236973140844106,50,Débil
FOSFORO TOTAL,TEMPERATURA,0.48871799523926596,0.5158985358630827,0.48871799523926596,0.5158985358630827,49,Débil
COBERTURA DE ACUEDUCTO RURAL,FOSFORO TOTAL,0.4880271344663334,0.5703341366581778,0.4880271344663334,0.5703341366581778,49,Débil
POBLACION TOTAL,TURBIDEZ,0.4872106816250005,0.6197647065320203,0.4872106816250005,0.6197647065320203,34,Débil
VolumenUtilDiarioMasa,PORCENTAJE DE LA POBLACION CON ACCESO A METODOS DE SANEAMIENTO ADECUADOS,-0.48531042067309144,-0.33126421547698864,0.48531042067309144,0.33126421547698864,336,Débil
Velocidad_Viento,INDICE DE DESEMPENO INSTITUCIONAL,0.4829265677792562,0.447420545960082,0.4829265677792562,0.447420545960082,48,Débil
DENSIDAD POBLACIONAL,TURBIDEZ,0.48157803293461215,0.6197647065320203,0.48157803293461215,0.6197647065320203,34,Débil
POBLACION TOTAL,COBERTURA DE ACUEDUCTO RURAL,0.4789269023948082,0.8990755888590045,0.4789269023948082,0.8990755888590045,528,Débil
CALIDAD DEL AGUA,FOSFORO TOTAL,0.47707399164470443,0.5148091782675306,0.47707399164470443,0.5148091782675306,9,No concluyente (n < 30)
irca,CALIDAD DEL AGUA,0.47630781428869984,0.5030030300035687,0.47630781428869984,0.5030030300035687,96,Débil
COBERTURA DE ACUEDUCTO RURAL,TURBIDEZ,0.4757218234477035,0.6147624402164161,0.4757218234477035,0.6147624402164161,34,Débil
irca,DENSIDAD POBLACIONAL,0.475304089113817,0.30992656739919366,0.475304089113817,0.30992656739919366,528,Débil
CALIDAD DEL AGUA,AGUAS RESIDUALES TRATADAS,0.47384217262263967,0.7319250547113999,0.47384217262263967,0.7319250547113999,96,Débil
CALIDAD DEL AGUA,CONDUCTIVIDAD ELECTRICA,0.47189390908715084,0.5654461466217139,0.47189390908715084,0.5654461466217139,9,No concluyente (n < 30)
COBERTURA DE ALCANTARILLADO RURAL,CALIDAD DEL AGUA,-0.46781077974510044,-0.629940788348712,0.46781077974510044,0.629940788348712,96,Débil
COBERTURA DE ACUEDUCTO RURAL,CALIDAD DEL AGUA,0.4678107797451004,0.629940788348712,0.4678107797451004,0.629940788348712,96,Débil
COBERTURA DE ACUEDUCTO URBANO,pH,-0.46517219191384557,-0.4113570019428818,0.46517219191384557,0.4113570019428818,50,Débil
Humedad_Relativa,TEMPERATURA,-0.4592549160838103,-0.38514925738112327,0.4592549160838103,0.38514925738112327,50,Débil
ACCESO A AGUA POTABLE ADECUADO,FOSFORO TOTAL,0.4591343236657352,0.5320925607891478,0.4591343236657352,0.5320925607891478,49,Débil
ACCESO A AGUA POTABLE ADECUADO,TURBIDEZ,0.45728924939537724,0.6409123710476698,0.45728924939537724,0.6409123710476698,34,Débil
Temp_Min_C,POBLACION TOTAL,0.45491879113613964,0.7571819249846923,0.45491879113613964,0.7571819249846923,528,Débil
Temp_Max_C,AGUAS RESIDUALES TRATADAS,0.4517014071659752,0.13179884900817504,0.4517014071659752,0.13179884900817504,96,Débil
DENSIDAD POBLACIONAL,ACCESO A AGUA POTABLE ADECUADO,0.45109641941192685,0.7623508321429403,0.45109641941192685,0.7623508321429403,528,Débil
COBERTURA DE ALCANTARILLADO RURAL,OXIGENO DISUELTO (OD),0.4431757510724208,0.5138288982293561,0.4431757510724208,0.5138288982293561,50,Débil
Humedad_Relativa,Radiacion_Solar,-0.4382246966846543,-0.4876038277773199,0.4382246966846543,0.4876038277773199,528,Débil
Nivel_Minimo,CONDUCTIVIDAD ELECTRICA,-0.43706854019701075,-0.7762237762237763,0.43706854019701075,0.7762237762237763,12,No concluyente (n < 30)
COBERTURA DE ACUEDUCTO URBANO,COBERTURA DE ALCANTARILLADO RURAL,-0.4367594950267238,-0.5655209336910499,0.4367594950267238,0.5655209336910499,528,Débil
DENSIDAD POBLACIONAL,SOLIDOS SUSPENDIDOS TOTALES,0.43442636083457764,0.5719468136862718,0.43442636083457764,0.5719468136862718,50,Débil
COBERTURA DE ACUEDUCTO RURAL,NITROGENO TOTAL,0.4340655285163475,0.5348405573334052,0.4340655285163475,0.5348405573334052,29,No concluyente (n < 30)
PORCENTAJE DE LA POBLACION CON ACCESO A METODOS DE SANEAMIENTO ADECUADOS,TEMPERATURA,0.4330266797271836,0.5762045823665686,0.4330266797271836,0.5762045823665686,50,Débil
ACCESO A AGUA POTABLE ADECUADO,pH,-0.43132553774043014,-0.35282389971184874,0.43132553774043014,0.35282389971184874,50,Débil
Radiacion_Solar,DEMANDA BIOQUIMICA DE OXIGENO (DBO5),-0.42687760174489636,-0.5475429033026336,0.42687760174489636,0.5475429033026336,26,No concluyente (n < 30)
Precipitacion_mm,Radiacion_Solar,-0.424983687244536,-0.4363616846107672,0.424983687244536,0.4363616846107672,528,Débil
Temp_Max_C,Radiacion_Solar,0.4234305561668253,0.43665367419301343,0.4234305561668253,0.43665367419301343,528,Débil
COBERTURA DE ACUEDUCTO URBANO,SOLIDOS SUSPENDIDOS TOTALES,0.4220959149193472,0.6034534106539285,0.4220959149193472,0.6034534106539285,50,Débil
POBLACION TOTAL,SOLIDOS SUSPENDIDOS TOTALES,0.4205635342628807,0.5719468136862718,0.4205635342628807,0.5719468136862718,50,Débil
COBERTURA DE ACUEDUCTO RURAL,CONDUCTIVIDAD ELECTRICA,0.41976789551649,0.4100006994661819,0.41976789551649,0.4100006994661819,50,Débil
Anio,COBERTURA DE ALCANTARILLADO RURAL,-0.4177904915657767,-0.31153747351560346,0.4177904915657767,0.31153747351560346,528,Débil
COBERTURA DE ACUEDUCTO URBANO,FOSFORO TOTAL,0.41664098432766855,0.4619111207686428,0.41664098432766855,0.4619111207686428,49,Débil
DENSIDAD POBLACIONAL,COBERTURA DE ACUEDUCTO URBANO,0.41475155337614145,0.6736491520518402,0.41475155337614145,0.6736491520518402,528,Débil
POBLACION TOTAL,ACCESO A AGUA POTABLE ADECUADO,0.4107526984376335,0.7623508321429403,0.4107526984376335,0.7623508321429403,528,Débil
Velocidad_Viento,CALIDAD DEL AGUA,0.4064636277784563,0.38459041798494875,0.4064636277784563,0.38459041798494875,96,Débil
irca,DEMANDA QUIMICA DE OXIGENO (DQO),0.40335660988258876,0.504510918892574,0.40335660988258876,0.504510918892574,49,Débil
CALIDAD DEL AGUA,NITROGENO TOTAL,0.40129185320610816,0.5907646307988055,0.40129185320610816,0.5907646307988055,9,No concluyente (n < 30)
COBERTURA DE ACUEDUCTO URBANO,DEMANDA BIOQUIMICA DE OXIGENO (DBO5),-0.39996730442353656,-0.4794069199521,0.39996730442353656,0.4794069199521,26,No concluyente (n < 30)
Temp_Media_C,TURBIDEZ,0.39649806293929757,0.42900812030184826,0.39649806293929757,0.42900812030184826,34,Débil
Temp_Max_C,DEMANDA QUIMICA DE OXIGENO (DQO),0.39514565718704003,0.4443196949088197,0.39514565718704003,0.4443196949088197,49,Débil
COBERTURA DE ACUEDUCTO RURAL,SOLIDOS SUSPENDIDOS TOTALES,0.39434201785194106,0.5934458298559258,0.39434201785194106,0.5934458298559258,50,Débil
DEMANDA BIOQUIMICA DE OXIGENO (DBO5),TEMPERATURA,-0.3914574208333092,-0.5913928746494463,0.3914574208333092,0.5913928746494463,26,No concluyente (n < 30)
PORCENTAJE DE LA POBLACION CON ACCESO A METODOS DE SANEAMIENTO ADECUADOS,NITROGENO TOTAL,0.3898563228040449,0.23282940223138893,0.3898563228040449,0.23282940223138893,29,No concluyente (n < 30)
Anio,FOSFORO TOTAL,0.38967883722781743,0.3133088708585023,0.38967883722781743,0.3133088708585023,49,Débil
ACCESO A AGUA POTABLE ADECUADO,CONDUCTIVIDAD ELECTRICA,0.38934832658594815,0.37133704466021644,0.38934832658594815,0.37133704466021644,50,Débil
Temp_Min_C,TURBIDEZ,0.3890693718388068,0.5090561845676033,0.3890693718388068,0.5090561845676033,34,Débil
Nivel_Minimo,DEMANDA BIOQUIMICA DE OXIGENO (DBO5),-0.3886027017476321,-0.3404271044608361,0.3886027017476321,0.3404271044608361,10,No concluyente (n < 30)
COBERTURA DE ALCANTARILLADO RURAL,TURBIDEZ,-0.3841955629240749,-0.5263060791369093,0.3841955629240749,0.5263060791369093,34,Débil
POBLACION TOTAL,DEMANDA BIOQUIMICA DE OXIGENO (DBO5),-0.38382564523831836,-0.5264323490754701,0.38382564523831836,0.5264323490754701,26,No concluyente (n < 30)
Humedad_Relativa,irca,-0.3832775452959649,-0.4267131525990377,0.3832775452959649,0.4267131525990377,528,Débil
DEMANDA QUIMICA DE OXIGENO (DQO),pH,0.38276571890227457,0.4740978945743184,0.38276571890227457,0.4740978945743184,49,Débil
ACCESO A AGUA POTABLE ADECUADO,DEMANDA BIOQUIMICA DE OXIGENO (DBO5),-0.3827118775408581,-0.5013853302863954,0.3827118775408581,0.5013853302863954,26,No concluyente (n < 30)
DENSIDAD POBLACIONAL,DEMANDA BIOQUIMICA DE OXIGENO (DBO5),-0.38106540386116233,-0.5264323490754701,0.38106540386116233,0.5264323490754701,26,No concluyente (n < 30)
Anio,CONDUCTIVIDAD ELECTRICA,0.38025008002746596,0.36012457093205774,0.38025008002746596,0.36012457093205774,50,Débil
Precipitacion_mm,CONDUCTIVIDAD ELECTRICA,-0.3794558619967454,-0.2954621848739496,0.3794558619967454,0.2954621848739496,50,Débil
ACCESO A AGUA POTABLE ADECUADO,SOLIDOS SUSPENDIDOS TOTALES,0.37937084355235107,0.6030417280456348,0.37937084355235107,0.6030417280456348,50,Débil
COBERTURA DE ACUEDUCTO RURAL,DEMANDA BIOQUIMICA DE OXIGENO (DBO5),-0.37863323602232046,-0.503684648219569,0.37863323602232046,0.503684648219569,26,No concluyente (n < 30)
POBLACION TOTAL,COBERTURA DE ACUEDUCTO URBANO,0.378462298396867,0.6736491520518402,0.378462298396867,0.6736491520518402,528,Débil
ACCESO A AGUA POTABLE ADECUADO,NITROGENO TOTAL,0.3760924832481719,0.49567056759682027,0.3760924832481719,0.49567056759682027,29,No concluyente (n < 30)
Precipitacion_mm,NITROGENO TOTAL,-0.36886093571714523,-0.35073891625615766,0.36886093571714523,0.35073891625615766,29,No concluyente (n < 30)
Temp_Media_C,Radiacion_Solar,0.3674625890144806,0.3741161359856127,0.3674625890144806,0.3741161359856127,528,Débil
Precipitacion_mm,FOSFORO TOTAL,-0.3655929498101121,-0.33061183221500223,0.3655929498101121,0.33061183221500223,49,Débil
PORCENTAJE DE LA POBLACION CON ACCESO A METODOS DE SANEAMIENTO ADECUADOS,OXIGENO DISUELTO (OD),-0.36350717068629085,-0.424542777542034,0.36350717068629085,0.424542777542034,50,Débil
irca,NITROGENO TOTAL,0.3572619781210574,0.49703708329128293,0.3572619781210574,0.49703708329128293,29,No concluyente (n < 30)
Radiacion_Solar,TEMPERATURA,0.35518822596211336,0.378257011660436,0.35518822596211336,0.378257011660436,50,Débil
OXIGENO DISUELTO (OD),SOLIDOS SUSPENDIDOS TOTALES,-0.3513874097635692,-0.4570234647659966,0.3513874097635692,0.4570234647659966,50,Débil
Temp_Media_C,SOLIDOS SUSPENDIDOS TOTALES,0.3509220132520638,0.4137848241954266,0.3509220132520638,0.4137848241954266,50,Débil
Humedad_Relativa,Nivel_Minimo,-0.3504404032196338,0.28140705807596256,0.3504404032196338,0.28140705807596256,87,Débil
CALIDAD DEL AGUA,OXIGENO DISUELTO (OD),-0.34766504255243985,-0.5974790825125827,0.34766504255243985,0.5974790825125827,9,No concluyente (n < 30)
irca,DEMANDA BIOQUIMICA DE OXIGENO (DBO5),0.3401991051269506,0.19759267002298378,0.3401991051269506,0.19759267002298378,26,No concluyente (n < 30)
PORCENTAJE DE LA POBLACION CON ACCESO A METODOS DE SANEAMIENTO ADECUADOS,COBERTURA DE ALCANTARILLADO URBANO,-0.34014884752781854,-0.28006100174129855,0.34014884752781854,0.28006100174129855,528,Débil
COBERTURA DE ACUEDUCTO URBANO,CONDUCTIVIDAD ELECTRICA,0.33987307150783314,0.28579830697348013,0.33987307150783314,0.28579830697348013,50,Débil
Anio,pH,-0.3332232115737573,-0.17012623952134132,0.3332232115737573,0.17012623952134132,50,Débil
COBERTURA DE ALCANTARILLADO RURAL,pH,0.33197265170429574,0.42943860679589896,0.33197265170429574,0.42943860679589896,50,Débil
TEMPERATURA,TURBIDEZ,0.33143653943698737,0.36019574309427554,0.33143653943698737,0.36019574309427554,34,Débil
OXIGENO DISUELTO (OD),TURBIDEZ,-0.3302350290320422,-0.3783246757742376,0.3302350290320422,0.3783246757742376,34,Débil
ONI,OXIGENO DISUELTO (OD),0.3289291172526014,0.3548151719441107,0.3289291172526014,0.3548151719441107,50,Débil
COBERTURA DE ACUEDUCTO RURAL,pH,-0.3263967639489032,-0.28876755500204543,0.3263967639489032,0.28876755500204543,50,Débil
Temp_Min_C,COBERTURA DE ALCANTARILLADO RURAL,-0.3248649429406845,-0.4526026019591243,0.3248649429406845,0.4526026019591243,528,Débil
VolumenUtilDiarioMasa,TURBIDEZ,0.323852901792617,0.008859623899229174,0.323852901792617,0.008859623899229174,14,No concluyente (n < 30)
irca,INDICE DE DESEMPENO INSTITUCIONAL,0.3201705596678281,0.7378647873726218,0.3201705596678281,0.7378647873726218,48,Débil
VolumenUtilDiarioMasa,DEMANDA BIOQUIMICA DE OXIGENO (DBO5),-0.31976398686683816,-0.26007313742448673,0.31976398686683816,0.26007313742448673,10,No concluyente (n < 30)
COBERTURA DE ALCANTARILLADO URBANO,COBERTURA DE ALCANTARILLADO RURAL,-0.318579991192718,-0.06340542371062731,0.318579991192718,0.06340542371062731,528,Débil
Temp_Media_C,DEMANDA BIOQUIMICA DE OXIGENO (DBO5),-0.31801212077512186,-0.38273180412330515,0.31801212077512186,0.38273180412330515,26,No concluyente (n < 30)
CALIDAD DEL AGUA,TURBIDEZ,0.3114666913639133,0.14712247158412492,0.3114666913639133,0.14712247158412492,6,No concluyente (n < 30)
VolumenUtilDiarioMasa,COBERTURA DE ALCANTARILLADO RURAL,-0.30947992284689374,-0.26965645581384867,0.30947992284689374,0.26965645581384867,336,Débil
Temp_Media_C,PORCENTAJE DE LA POBLACION CON ACCESO A METODOS DE SANEAMIENTO ADECUADOS,0.309413270395233,0.6134903817115854,0.309413270395233,0.6134903817115854,528,Débil
PORCENTAJE DE LA POBLACION CON ACCESO A METODOS DE SANEAMIENTO ADECUADOS,FOSFORO TOTAL,0.30927437367821853,0.25299936803965467,0.30927437367821853,0.25299936803965467,49,Débil
Temp_Min_C,FOSFORO TOTAL,0.30836255475324914,0.26954480646612505,0.30836255475324914,0.26954480646612505,49,Débil
VolumenUtilDiarioMasa,Nivel_Minimo,0.30546880657619047,0.13601209050097957,0.30546880657619047,0.13601209050097957,19,No concluyente (n < 30)
Temp_Min_C,pH,-0.30317948856566224,-0.38729198285069055,0.30317948856566224,0.38729198285069055,50,Débil
AGUAS RESIDUALES TRATADAS,TURBIDEZ,0.30062677874863347,0.29277002188455997,0.30062677874863347,0.29277002188455997,6,No concluyente (n < 30)
Temp_Max_C,SOLIDOS SUSPENDIDOS TOTALES,0.3003575509374064,0.4628482249981693,0.3003575509374064,0.4628482249981693,50,Débil
VolumenUtilDiarioMasa,DEMANDA QUIMICA DE OXIGENO (DQO),-0.2991787543025804,-0.18473973291849854,0.2991787543025804,0.18473973291849854,30,Muy débil
Temp_Max_C,PORCENTAJE DE LA POBLACION CON ACCESO A METODOS DE SANEAMIENTO ADECUADOS,0.2983554071240889,0.5353784650110955,0.2983554071240889,0.5353784650110955,528,Muy débil
Temp_Min_C,DEMANDA BIOQUIMICA DE OXIGENO (DBO5),-0.29822791960544387,-0.377934807473595,0.29822791960544387,0.377934807473595,26,No concluyente (n < 30)
TURBIDEZ,pH,-0.2966181541160521,-0.4739376392880904,0.2966181541160521,0.4739376392880904,34,Muy débil
ONI,FOSFORO TOTAL,-0.2963961843847241,-0.37638093671286127,0.2963961843847241,0.37638093671286127,49,Muy débil
DEMANDA QUIMICA DE OXIGENO (DQO),TEMPERATURA,0.2958232794126989,0.3203174847277507,0.2958232794126989,0.3203174847277507,49,Muy débil
AGUAS RESIDUALES TRATADAS,CONDUCTIVIDAD ELECTRICA,0.2934854366663909,0.26352313834736496,0.2934854366663909,0.26352313834736496,9,No concluyente (n < 30)
irca,pH,0.2931316135503892,0.3600966517658488,0.2931316135503892,0.3600966517658488,50,Muy débil
ACCESO A AGUA POTABLE ADECUADO,PORCENTAJE DE LA POBLACION CON ACCESO A METODOS DE SANEAMIENTO ADECUADOS,0.29287870588176296,0.7870728070034804,0.29287870588176296,0.7870728070034804,528,Muy débil
Temp_Max_C,TURBIDEZ,0.2915271996487829,0.3788596803662416,0.2915271996487829,0.3788596803662416,34,Muy débil
Temp_Min_C,SOLIDOS SUSPENDIDOS TOTALES,0.2903348421876958,0.3496313754461724,0.2903348421876958,0.3496313754461724,50,Muy débil
CONDUCTIVIDAD ELECTRICA,SOLIDOS SUSPENDIDOS TOTALES,0.2896624531891696,0.27298706050494964,0.2896624531891696,0.27298706050494964,50,Muy débil
PORCENTAJE DE LA POBLACION CON ACCESO A METODOS DE SANEAMIENTO ADECUADOS,COBERTURA DE ACUEDUCTO RURAL,0.2895349819677501,0.5954008071083364,0.2895349819677501,0.5954008071083364,528,Muy débil
COBERTURA DE ALCANTARILLADO RURAL,TEMPERATURA,-0.28949049170697966,-0.5284827021480574,0.28949049170697966,0.5284827021480574,50,Muy débil
PORCENTAJE DE LA POBLACION CON ACCESO A METODOS DE SANEAMIENTO ADECUADOS,CONDUCTIVIDAD ELECTRICA,0.2889848541967775,0.07077930784706449,0.2889848541967775,0.07077930784706449,50,Muy débil
AGUAS RESIDUALES TRATADAS,FOSFORO TOTAL,0.28892468630002816,0.26352313834736496,0.28892468630002816,0.26352313834736496,9,No concluyente (n < 30)
COBERTURA DE ALCANTARILLADO RURAL,DEMANDA BIOQUIMICA DE OXIGENO (DBO5),0.2883807128849212,0.5138254785968848,0.2883807128849212,0.5138254785968848,26,No concluyente (n < 30)
Temp_Max_C,DEMANDA BIOQUIMICA DE OXIGENO (DBO5),-0.28708489542854404,-0.35749849301016584,0.28708489542854404,0.35749849301016584,26,No concluyente (n < 30)
Temp_Media_C,COBERTURA DE ALCANTARILLADO RURAL,-0.2847089538253074,-0.41281481652871094,0.2847089538253074,0.41281481652871094,528,Muy débil
Radiacion_Solar,NITROGENO TOTAL,0.2843707277144987,0.36974997201264437,0.2843707277144987,0.36974997201264437,29,No concluyente (n < 30)
Precipitacion_mm,Temp_Max_C,-0.2820186709293169,-0.2877989391489498,0.2820186709293169,0.2877989391489498,528,Muy débil
CONDUCTIVIDAD ELECTRICA,pH,0.28127777658981534,0.4919678268139545,0.28127777658981534,0.4919678268139545,50,Muy débil
Temp_Min_C,PORCENTAJE DE LA POBLACION CON ACCESO A METODOS DE SANEAMIENTO ADECUADOS,0.2810356290728263,0.6993819380518612,0.2810356290728263,0.6993819380518612,528,Muy débil
COBERTURA DE ACUEDUCTO URBANO,NITROGENO TOTAL,0.2808555013342458,0.32732683535398854,0.2808555013342458,0.32732683535398854,29,No concluyente (n < 30)
Temp_Media_C,DEMANDA QUIMICA DE OXIGENO (DQO),0.2807215190514399,0.35398591820440767,0.2807215190514399,0.35398591820440767,49,Muy débil
ONI,VolumenUtilDiarioMasa,0.2803289609323202,0.1579530902994056,0.2803289609323202,0.1579530902994056,336,Muy débil
Anio,ONI,-0.2775895191376329,-0.25457649135534294,0.2775895191376329,0.25457649135534294,528,Muy débil
DENSIDAD POBLACIONAL,PORCENTAJE DE LA POBLACION CON ACCESO A METODOS DE SANEAMIENTO ADECUADOS,0.2745927394075916,0.4980809296191196,0.2745927394075916,0.4980809296191196,528,Muy débil
Temp_Min_C,Humedad_Relativa,-0.27436943033339906,-0.20511308510648119,0.27436943033339906,0.20511308510648119,528,Muy débil
Temp_Min_C,NITROGENO TOTAL,0.27360806638951196,0.17440571631242652,0.27360806638951196,0.17440571631242652,29,No concluyente (n < 30)
irca,CONDUCTIVIDAD ELECTRICA,0.27098479448000307,0.43068844101209774,0.27098479448000307,0.43068844101209774,50,Muy débil
Anio,TURBIDEZ,0.2704284191327212,0.2431259817974645,0.2704284191327212,0.2431259817974645,34,Muy débil
Temp_Min_C,CONDUCTIVIDAD ELECTRICA,0.2672309711917507,0.16807529792718093,0.2672309711917507,0.16807529792718093,50,Muy débil
ONI,CONDUCTIVIDAD ELECTRICA,-0.2666707325613968,-0.36012085055377246,0.2666707325613968,0.36012085055377246,50,Muy débil
DEMANDA QUIMICA DE OXIGENO (DQO),SOLIDOS SUSPENDIDOS TOTALES,0.2650987377465772,0.2886892612988735,0.2650987377465772,0.2886892612988735,49,Muy débil
SOLIDOS SUSPENDIDOS TOTALES,TEMPERATURA,0.2648774906937833,0.3754293263962671,0.2648774906937833,0.3754293263962671,50,Muy débil
COBERTURA DE ALCANTARILLADO URBANO,pH,-0.26194982375600384,-0.0798948413381055,0.26194982375600384,0.0798948413381055,50,Muy débil
Mes,SOLIDOS SUSPENDIDOS TOTALES,0.2614224274871692,0.2115463100131904,0.2614224274871692,0.2115463100131904,50,Muy débil
Temp_Max_C,Nivel_Minimo,0.26009675687083067,0.34174037072740204,0.26009675687083067,0.34174037072740204,87,Muy débil
POBLACION TOTAL,PORCENTAJE DE LA POBLACION CON ACCESO A METODOS DE SANEAMIENTO ADECUADOS,0.25821175102080096,0.4980809296191196,0.25821175102080096,0.4980809296191196,528,Muy débil
Temp_Min_C,Velocidad_Viento,-0.2478781586711235,-0.26426872943860763,0.2478781586711235,0.26426872943860763,528,Muy débil
VolumenUtilDiarioMasa,pH,-0.24565084707940343,-0.29606168271469574,0.24565084707940343,0.29606168271469574,30,Muy débil
Velocidad_Viento,COBERTURA DE ALCANTARILLADO RURAL,-0.244954349262751,-0.2058113265765833,0.244954349262751,0.2058113265765833,528,Muy débil
Precipitacion_mm,SOLIDOS SUSPENDIDOS TOTALES,-0.24152727400009172,-0.16521384379609902,0.24152727400009172,0.16521384379609902,50,Muy débil
irca,COBERTURA DE ALCANTARILLADO RURAL,0.24043284261880504,0.2740219131903385,0.24043284261880504,0.2740219131903385,528,Muy débil
COBERTURA DE ALCANTARILLADO RURAL,CONDUCTIVIDAD ELECTRICA,-0.23966397195474806,-0.20130456878015635,0.23966397195474806,0.20130456878015635,50,Muy débil
Temp_Media_C,pH,-0.23868304603061988,-0.018346861363075045,0.23868304603061988,0.018346861363075045,50,Muy débil
COBERTURA DE ALCANTARILLADO URBANO,FOSFORO TOTAL,0.23830446717881384,0.3314109837539248,0.23830446717881384,0.3314109837539248,49,Muy débil
ONI,DEMANDA QUIMICA DE OXIGENO (DQO),-0.23783307832043124,-0.28936308068009986,0.23783307832043124,0.28936308068009986,49,Muy débil
Humedad_Relativa,COBERTURA DE ACUEDUCTO RURAL,-0.2336949449228006,-0.28131983756450907,0.2336949449228006,0.28131983756450907,528,Muy débil
irca,FOSFORO TOTAL,0.22869383104869312,0.3311701420320236,0.22869383104869312,0.3311701420320236,49,Muy débil
Anio,PORCENTAJE DE LA POBLACION CON ACCESO A METODOS DE SANEAMIENTO ADECUADOS,-0.22864642877982572,-0.21673486797855085,0.22864642877982572,0.21673486797855085,528,Muy débil
COBERTURA DE ALCANTARILLADO URBANO,TURBIDEZ,0.22789700142068123,0.125862896956603,0.22789700142068123,0.125862896956603,34,Muy débil
Velocidad_Viento,Nivel_Minimo,0.22582883377389704,0.2736839279427646,0.22582883377389704,0.2736839279427646,87,Muy débil
Radiacion_Solar,CALIDAD DEL AGUA,-0.22530700043504343,-0.19958086938672406,0.22530700043504343,0.19958086938672406,96,Muy débil
NITROGENO TOTAL,TURBIDEZ,-0.2241094703960092,-0.2802197802197802,0.2241094703960092,0.2802197802197802,13,No concluyente (n < 30)
Anio,COBERTURA DE ACUEDUCTO URBANO,0.22360679775010023,0.22360679774997896,0.22360679775010023,0.22360679774997896,528,Muy débil
Temp_Max_C,irca,0.22294835292412513,0.2671792033141727,0.22294835292412513,0.2671792033141727,528,Muy débil
CALIDAD DEL AGUA,DEMANDA QUIMICA DE OXIGENO (DQO),0.22205279313718043,0.39665625210776945,0.22205279313718043,0.39665625210776945,9,No concluyente (n < 30)
DENSIDAD POBLACIONAL,AGUAS RESIDUALES TRATADAS,0.22198560615912744,0.19518001458970663,0.22198560615912744,0.19518001458970663,96,Muy débil
Temp_Media_C,Nivel_Minimo,0.221975535599313,0.5123188175142963,0.221975535599313,0.5123188175142963,87,Muy débil
Radiacion_Solar,pH,-0.2158522178000301,-0.09213812356402239,0.2158522178000301,0.09213812356402239,50,Muy débil
Humedad_Relativa,SOLIDOS SUSPENDIDOS TOTALES,-0.2147396005083426,-0.28845877058469827,0.2147396005083426,0.28845877058469827,50,Muy débil
COBERTURA DE ALCANTARILLADO RURAL,FOSFORO TOTAL,-0.2134906556722858,-0.3441353582284666,0.2134906556722858,0.3441353582284666,49,Muy débil
Humedad_Relativa,PORCENTAJE DE LA POBLACION CON ACCESO A METODOS DE SANEAMIENTO ADECUADOS,-0.2107221379804917,-0.09114528105726209,0.2107221379804917,0.09114528105726209,528,Muy débil
Radiacion_Solar,OXIGENO DISUELTO (OD),-0.20954481954003765,-0.27266178483522135,0.20954481954003765,0.27266178483522135,50,Muy débil
Radiacion_Solar,INDICE DE DESEMPENO INSTITUCIONAL,-0.2085481362621982,-0.18630338983326702,0.2085481362621982,0.18630338983326702,48,Muy débil
AGUAS RESIDUALES TRATADAS,NITROGENO TOTAL,0.2084213568812839,0.15811388300841897,0.2084213568812839,0.15811388300841897,9,No concluyente (n < 30)
VolumenUtilDiarioMasa,COBERTURA DE ACUEDUCTO URBANO,0.20694273250711379,0.20906027202310126,0.20694273250711379,0.20906027202310126,336,Muy débil
DEMANDA BIOQUIMICA DE OXIGENO (DBO5),OXIGENO DISUELTO (OD),0.20536503638940729,0.16309788609014617,0.20536503638940729,0.16309788609014617,26,No concluyente (n < 30)
Anio,NITROGENO TOTAL,-0.20392155715263427,-0.21083872751845711,0.20392155715263427,0.21083872751845711,29,No concluyente (n < 30)
CONDUCTIVIDAD ELECTRICA,TURBIDEZ,-0.20384745837203375,-0.16842427808073987,0.20384745837203375,0.16842427808073987,34,Muy débil
Anio,DEMANDA QUIMICA DE OXIGENO (DQO),0.20365469074483278,0.24925372077396837,0.20365469074483278,0.24925372077396837,49,Muy débil
Humedad_Relativa,pH,-0.2031628183847655,-0.3828162538070485,0.2031628183847655,0.3828162538070485,50,Muy débil
Velocidad_Viento,Radiacion_Solar,-0.20212897641485128,-0.16048319407876124,0.20212897641485128,0.16048319407876124,528,Muy débil
ONI,NITROGENO TOTAL,-0.20160640215049233,-0.3002001735712182,0.20160640215049233,0.3002001735712182,29,No concluyente (n < 30)
ONI,PORCENTAJE DE LA POBLACION CON ACCESO A METODOS DE SANEAMIENTO ADECUADOS,-0.20133906084285777,-0.1257372123861838,0.20133906084285777,0.1257372123861838,528,Muy débil
Mes,VolumenUtilDiarioMasa,0.20036343339448792,0.2049507033286523,0.20036343339448792,0.2049507033286523,336,Muy débil
NITROGENO TOTAL,SOLIDOS SUSPENDIDOS TOTALES,0.20033778165973712,0.26666671728429825,0.20033778165973712,0.26666671728429825,29,No concluyente (n < 30)
COBERTURA DE ALCANTARILLADO URBANO,TEMPERATURA,-0.19884812356548082,-0.043239699488228645,0.19884812356548082,0.043239699488228645,50,Muy débil
PORCENTAJE DE LA POBLACION CON ACCESO A METODOS DE SANEAMIENTO ADECUADOS,DEMANDA QUIMICA DE OXIGENO (DQO),0.19829919255572526,-0.005773794280224241,0.19829919255572526,0.005773794280224241,49,Muy débil
Humedad_Relativa,INDICE DE DESEMPENO INSTITUCIONAL,0.19752763247983757,-0.016140933796172343,0.19752763247983757,0.016140933796172343,48,Muy débil
Precipitacion_mm,AGUAS RESIDUALES TRATADAS,0.1953477853963362,0.2518273815507985,0.1953477853963362,0.2518273815507985,96,Muy débil
Mes,NITROGENO TOTAL,0.1953094363860313,0.22137976027297948,0.1953094363860313,0.22137976027297948,29,No concluyente (n < 30)
Temp_Min_C,Radiacion_Solar,0.1910191235158148,0.21275385591057225,0.1910191235158148,0.21275385591057225,528,Muy débil
COBERTURA DE ACUEDUCTO RURAL,DEMANDA QUIMICA DE OXIGENO (DQO),0.19058583930609688,0.214078807972236,0.19058583930609688,0.214078807972236,49,Muy débil
Velocidad_Viento,TEMPERATURA,-0.18649792690309433,-0.1968011602864174,0.18649792690309433,0.1968011602864174,50,Muy débil
COBERTURA DE ALCANTARILLADO URBANO,CONDUCTIVIDAD ELECTRICA,0.1861533338046287,0.33789444860618895,0.1861533338046287,0.33789444860618895,50,Muy débil
COBERTURA DE ACUEDUCTO RURAL,Nivel_Minimo,0.1850003630571574,0.8564759543080146,0.1850003630571574,0.8564759543080146,87,Muy débil
Mes,DEMANDA BIOQUIMICA DE OXIGENO (DBO5),-0.18186110806292308,-0.3118248045944081,0.18186110806292308,0.3118248045944081,26,No concluyente (n < 30)
Humedad_Relativa,ACCESO A AGUA POTABLE ADECUADO,-0.18070025574260465,-0.23056497128111086,0.18070025574260465,0.23056497128111086,528,Muy débil
ACCESO A AGUA POTABLE ADECUADO,Nivel_Minimo,0.17878567736374779,0.8404886071070661,0.17878567736374779,0.8404886071070661,87,Muy débil
COBERTURA DE ACUEDUCTO URBANO,Nivel_Minimo,0.17878567736374767,0.8404886071070661,0.17878567736374767,0.8404886071070661,87,Muy débil
Temp_Max_C,COBERTURA DE ALCANTARILLADO RURAL,-0.17631389764579275,-0.29771936050358616,0.17631389764579275,0.29771936050358616,528,Muy débil
irca,COBERTURA DE ACUEDUCTO URBANO,-0.1760832875277166,-0.11150681138936737,0.1760832875277166,0.11150681138936737,528,Muy débil
Humedad_Relativa,Mes,0.1758569459675225,0.1895590518709039,0.1758569459675225,0.1895590518709039,528,Muy débil
FOSFORO TOTAL,pH,0.17413651396339963,0.28247722584408985,0.17413651396339963,0.28247722584408985,49,Muy débil
Velocidad_Viento,COBERTURA DE ACUEDUCTO URBANO,0.17344024387322346,0.16402201139925288,0.17344024387322346,0.16402201139925288,528,Muy débil
PORCENTAJE DE LA POBLACION CON ACCESO A METODOS DE SANEAMIENTO ADECUADOS,Nivel_Minimo,0.1686458777244479,0.8509099042394004,0.1686458777244479,0.8509099042394004,87,Muy débil
Velocidad_Viento,ACCESO A AGUA POTABLE ADECUADO,0.1686347525306436,0.049848733663563044,0.1686347525306436,0.049848733663563044,528,Muy débil
Velocidad_Viento,ONI,0.16704216970756178,0.16410580740272984,0.16704216970756178,0.16410580740272984,528,Muy débil
ACCESO A AGUA POTABLE ADECUADO,DEMANDA QUIMICA DE OXIGENO (DQO),0.16554393998183964,0.1934348484992942,0.16554393998183964,0.1934348484992942,49,Muy débil
POBLACION TOTAL,AGUAS RESIDUALES TRATADAS,0.16553078665159332,0.19518001458970663,0.16553078665159332,0.19518001458970663,96,Muy débil
INDICE DE DESEMPENO INSTITUCIONAL,pH,0.1652778465405537,0.5,0.1652778465405537,0.5,3,No concluyente (n < 30)
Anio,ACCESO A AGUA POTABLE ADECUADO,0.164077949329475,-0.07966649663613579,0.164077949329475,0.07966649663613579,528,Muy débil
Temp_Media_C,Velocidad_Viento,-0.1621828353382299,-0.11719869673614003,0.1621828353382299,0.11719869673614003,528,Muy débil
Precipitacion_mm,OXIGENO DISUELTO (OD),0.16113045368517584,0.1601594398205319,0.16113045368517584,0.1601594398205319,50,Muy débil
Radiacion_Solar,DENSIDAD POBLACIONAL,0.1603919032443668,0.2506287708513495,0.1603919032443668,0.2506287708513495,528,Muy débil
Humedad_Relativa,COBERTURA DE ACUEDUCTO URBANO,-0.15631787292900332,-0.08472991209930328,0.15631787292900332,0.08472991209930328,528,Muy débil
Anio,Nivel_Minimo,0.1542058308876453,0.502668768982242,0.1542058308876453,0.502668768982242,87,Muy débil
CALIDAD DEL AGUA,SOLIDOS SUSPENDIDOS TOTALES,0.15125859992725216,0.09283444198266944,0.15125859992725216,0.09283444198266944,9,No concluyente (n < 30)
DEMANDA BIOQUIMICA DE OXIGENO (DBO5),SOLIDOS SUSPENDIDOS TOTALES,-0.1510528106086678,-0.2174811062463569,0.1510528106086678,0.2174811062463569,26,No concluyente (n < 30)
INDICE DE DESEMPENO INSTITUCIONAL,ACCESO A AGUA POTABLE ADECUADO,0.15096218558180102,0.31622776601683794,0.15096218558180102,0.31622776601683794,48,Muy débil
Radiacion_Solar,VolumenUtilDiarioMasa,0.14964438607770073,0.14707754098020165,0.14964438607770073,0.14707754098020165,336,Muy débil
Precipitacion_mm,irca,-0.14958013271133996,-0.173639409392216,0.14958013271133996,0.173639409392216,528,Muy débil
Precipitacion_mm,COBERTURA DE ALCANTARILLADO RURAL,-0.14918050233703553,-0.1456855212497464,0.14918050233703553,0.1456855212497464,528,Muy débil
Precipitacion_mm,POBLACION TOTAL,-0.14846924169386622,-0.027578529014846736,0.14846924169386622,0.027578529014846736,528,Muy débil
Velocidad_Viento,COBERTURA DE ACUEDUCTO RURAL,0.1477969494021675,-0.0255063758095474,0.1477969494021675,0.0255063758095474,528,Muy débil
Radiacion_Solar,TURBIDEZ,0.14774168966717713,0.16934128866920123,0.14774168966717713,0.16934128866920123,34,Muy débil
COBERTURA DE ALCANTARILLADO URBANO,DEMANDA BIOQUIMICA DE OXIGENO (DBO5),-0.14731337319126064,-0.1543033499620919,0.14731337319126064,0.1543033499620919,26,No concluyente (n < 30)
AGUAS RESIDUALES TRATADAS,DEMANDA QUIMICA DE OXIGENO (DQO),0.1460165044151489,0.21081851067789195,0.1460165044151489,0.21081851067789195,9,No concluyente (n < 30)
POBLACION TOTAL,COBERTURA DE ALCANTARILLADO URBANO,0.1459735862063124,0.36456072614698487,0.1459735862063124,0.36456072614698487,528,Muy débil
Humedad_Relativa,Velocidad_Viento,-0.14499949591095768,-0.14423687850739275,0.14499949591095768,0.14423687850739275,528,Muy débil
Precipitacion_mm,pH,-0.14235641126881443,-0.3810301384168211,0.14235641126881443,0.3810301384168211,50,Muy débil
Mes,FOSFORO TOTAL,0.14155659822829125,0.1345407351317453,0.14155659822829125,0.1345407351317453,49,Muy débil
Mes,CONDUCTIVIDAD ELECTRICA,0.14154843495538616,0.13755340490766205,0.14154843495538616,0.13755340490766205,50,Muy débil
COBERTURA DE ALCANTARILLADO URBANO,OXIGENO DISUELTO (OD),-0.14125791942902843,-0.38734274576120487,0.14125791942902843,0.38734274576120487,50,Muy débil
Radiacion_Solar,CONDUCTIVIDAD ELECTRICA,0.1396577521771733,0.22425508422032228,0.1396577521771733,0.22425508422032228,50,Muy débil
Precipitacion_mm,DENSIDAD POBLACIONAL,-0.13755446995284593,-0.027578529014846736,0.13755446995284593,0.027578529014846736,528,Muy débil
Nivel_Minimo,FOSFORO TOTAL,0.13732562383426664,-0.16783216783216784,0.13732562383426664,0.16783216783216784,12,No concluyente (n < 30)
Temp_Max_C,Mes,-0.13582942924057997,-0.12868017516463698,0.13582942924057997,0.12868017516463698,528,Muy débil
VolumenUtilDiarioMasa,TEMPERATURA,-0.13386011175187026,-0.16514230160347398,0.13386011175187026,0.16514230160347398,30,Muy débil
COBERTURA DE ACUEDUCTO URBANO,DEMANDA QUIMICA DE OXIGENO (DQO),0.13207622673974245,0.16755347119156758,0.13207622673974245,0.16755347119156758,49,Muy débil
irca,TEMPERATURA,-0.13098599873478325,-0.0037044205538998443,0.13098599873478325,0.0037044205538998443,50,Muy débil
DENSIDAD POBLACIONAL,COBERTURA DE ALCANTARILLADO URBANO,0.13098519954209342,0.36456072614698487,0.13098519954209342,0.36456072614698487,528,Muy débil
Radiacion_Solar,POBLACION TOTAL,0.12690182083323365,0.2506287708513495,0.12690182083323365,0.2506287708513495,528,Muy débil
DENSIDAD POBLACIONAL,COBERTURA DE ALCANTARILLADO RURAL,-0.12558364878919995,-0.45123877080363145,0.12558364878919995,0.45123877080363145,528,Muy débil
PORCENTAJE DE LA POBLACION CON ACCESO A METODOS DE SANEAMIENTO ADECUADOS,COBERTURA DE ACUEDUCTO URBANO,0.12544264161671342,0.5659512365875284,0.12544264161671342,0.5659512365875284,528,Muy débil
VolumenUtilDiarioMasa,irca,-0.12471700697272209,-0.1108808467440229,0.12471700697272209,0.1108808467440229,336,Muy débil
irca,ACCESO A AGUA POTABLE ADECUADO,-0.12395677756732423,-0.1298852140589887,0.12395677756732423,0.1298852140589887,528,Muy débil
Temp_Min_C,Nivel_Minimo,0.12328973861871034,0.65295744613665,0.12328973861871034,0.65295744613665,87,Muy débil
Temp_Min_C,DEMANDA QUIMICA DE OXIGENO (DQO),0.12254006007232042,0.03950088097922837,0.12254006007232042,0.03950088097922837,49,Muy débil
COBERTURA DE ACUEDUCTO URBANO,COBERTURA DE ALCANTARILLADO URBANO,0.12089517971841687,0.1970059570589586,0.12089517971841687,0.1970059570589586,528,Muy débil
VolumenUtilDiarioMasa,NITROGENO TOTAL,-0.11932628417187638,-0.07980272769832711,0.11932628417187638,0.07980272769832711,29,No concluyente (n < 30)
Anio,SOLIDOS SUSPENDIDOS TOTALES,0.1175076190483013,0.1886004847489863,0.1175076190483013,0.1886004847489863,50,Muy débil
irca,TURBIDEZ,-0.1155654960511252,-0.23751950615956102,0.1155654960511252,0.23751950615956102,34,Muy débil
Humedad_Relativa,DEMANDA BIOQUIMICA DE OXIGENO (DBO5),-0.11449620709207939,-0.03871861581551789,0.11449620709207939,0.03871861581551789,26,No concluyente (n < 30)
irca,AGUAS RESIDUALES TRATADAS,0.11374182469458652,0.049088069367381595,0.11374182469458652,0.049088069367381595,96,Muy débil
Humedad_Relativa,COBERTURA DE ALCANTARILLADO RURAL,-0.11296171814167238,-0.13674176106587446,0.11296171814167238,0.13674176106587446,528,Muy débil
COBERTURA DE ALCANTARILLADO URBANO,SOLIDOS SUSPENDIDOS TOTALES,0.11145915831252952,0.25378176036265254,0.11145915831252952,0.25378176036265254,50,Muy débil
Temp_Media_C,irca,0.10901362448075243,0.1673835022509428,0.10901362448075243,0.1673835022509428,528,Muy débil
Temp_Max_C,pH,-0.10883080969910734,0.06202872107437545,0.10883080969910734,0.06202872107437545,50,Muy débil
POBLACION TOTAL,COBERTURA DE ALCANTARILLADO RURAL,-0.10860250697303264,-0.45123877080363145,0.10860250697303264,0.45123877080363145,528,Muy débil
Precipitacion_mm,DEMANDA QUIMICA DE OXIGENO (DQO),-0.10846766064048577,-0.14482917378139232,0.10846766064048577,0.14482917378139232,49,Muy débil
Temp_Min_C,INDICE DE DESEMPENO INSTITUCIONAL,0.10680196313697461,0.2353950062184357,0.10680196313697461,0.2353950062184357,48,Muy débil
Precipitacion_mm,Temp_Min_C,0.10549513441168241,0.08783863957894608,0.10549513441168241,0.08783863957894608,528,Muy débil
irca,COBERTURA DE ACUEDUCTO RURAL,-0.10378223368302278,0.16460490040005743,0.10378223368302278,0.16460490040005743,528,Muy débil
ACCESO A AGUA POTABLE ADECUADO,CALIDAD DEL AGUA,0.10370298919721246,0.16488754406534833,0.10370298919721246,0.16488754406534833,96,Muy débil
Precipitacion_mm,Velocidad_Viento,-0.10258977305177495,-0.15402625979104215,0.10258977305177495,0.15402625979104215,528,Muy débil
ONI,TEMPERATURA,-0.1016810236171298,-0.17884402668164678,0.1016810236171298,0.17884402668164678,50,Muy débil
Precipitacion_mm,Temp_Media_C,-0.10130671956959698,-0.14220406143527553,0.10130671956959698,0.14220406143527553,528,Muy débil
Precipitacion_mm,INDICE DE DESEMPENO INSTITUCIONAL,0.10122409360522729,0.03900831531619792,0.10122409360522729,0.03900831531619792,48,Muy débil
Temp_Max_C,Velocidad_Viento,-0.09954136955647813,-0.07837230195870237,0.09954136955647813,0.07837230195870237,528,Muy débil
Radiacion_Solar,SOLIDOS SUSPENDIDOS TOTALES,0.09522497073246504,0.3397051089486465,0.09522497073246504,0.3397051089486465,50,Muy débil
Radiacion_Solar,COBERTURA DE ACUEDUCTO RURAL,0.09430332155177272,0.2671924482255924,0.09430332155177272,0.2671924482255924,528,Muy débil
DEMANDA BIOQUIMICA DE OXIGENO (DBO5),FOSFORO TOTAL,0.09314795468007303,0.06250001860545146,0.09314795468007303,0.06250001860545146,25,No concluyente (n < 30)
Precipitacion_mm,TEMPERATURA,-0.09301184577929325,-0.14144373730111756,0.09301184577929325,0.14144373730111756,50,Muy débil
DENSIDAD POBLACIONAL,INDICE DE DESEMPENO INSTITUCIONAL,-0.09183064255474163,0.4,0.09183064255474163,0.4,48,Muy débil
Radiacion_Solar,Nivel_Minimo,0.0912123194292248,-0.2812638121261479,0.0912123194292248,0.2812638121261479,87,Muy débil
Precipitacion_mm,COBERTURA DE ACUEDUCTO URBANO,0.09090652604955818,0.0793980649914357,0.09090652604955818,0.0793980649914357,528,Muy débil
Velocidad_Viento,Mes,-0.09066611260102497,-0.14216935543291884,0.09066611260102497,0.14216935543291884,528,Muy débil
POBLACION TOTAL,INDICE DE DESEMPENO INSTITUCIONAL,-0.09023988403398318,0.4,0.09023988403398318,0.4,48,Muy débil
OXIGENO DISUELTO (OD),pH,0.08999577838185986,-0.05247232296606844,0.08999577838185986,0.05247232296606844,50,Muy débil
COBERTURA DE ACUEDUCTO RURAL,COBERTURA DE ALCANTARILLADO URBANO,-0.08975286799197812,0.2185862471932729,0.08975286799197812,0.2185862471932729,528,Muy débil
PORCENTAJE DE LA POBLACION CON ACCESO A METODOS DE SANEAMIENTO ADECUADOS,SOLIDOS SUSPENDIDOS TOTALES,0.08970971781523297,0.4147867922191414,0.08970971781523297,0.4147867922191414,50,Muy débil
PORCENTAJE DE LA POBLACION CON ACCESO A METODOS DE SANEAMIENTO ADECUADOS,TURBIDEZ,-0.08877170498542238,0.4543333355777561,0.08877170498542238,0.4543333355777561,34,Muy débil
Radiacion_Solar,DEMANDA QUIMICA DE OXIGENO (DQO),-0.08850673278978746,0.0036744068129696654,0.08850673278978746,0.0036744068129696654,49,Muy débil
Precipitacion_mm,ACCESO A AGUA POTABLE ADECUADO,0.08740001468002963,0.03153571635729599,0.08740001468002963,0.03153571635729599,528,Muy débil
Radiacion_Solar,ONI,0.08737009277710962,-0.00893514196721569,0.08737009277710962,0.00893514196721569,528,Muy débil
AGUAS RESIDUALES TRATADAS,SOLIDOS SUSPENDIDOS TOTALES,-0.08690556751438384,0.15811388300841897,0.08690556751438384,0.15811388300841897,9,No concluyente (n < 30)
Nivel_Minimo,DEMANDA QUIMICA DE OXIGENO (DQO),-0.08620458651619557,-0.4203158810030077,0.08620458651619557,0.4203158810030077,12,No concluyente (n < 30)
Velocidad_Viento,AGUAS RESIDUALES TRATADAS,0.08606843164547551,0.18884605098204563,0.08606843164547551,0.18884605098204563,96,Muy débil
POBLACION TOTAL,CALIDAD DEL AGUA,0.08318082935432386,0.21428571428571427,0.08318082935432386,0.21428571428571427,96,Muy débil
Mes,ONI,-0.08315597549364631,-0.14946189570038834,0.08315597549364631,0.14946189570038834,528,Muy débil
Velocidad_Viento,OXIGENO DISUELTO (OD),0.08313582334585631,-0.029101262391064926,0.08313582334585631,0.029101262391064926,50,Muy débil
ONI,TURBIDEZ,-0.08287207166646829,-0.14816553843036273,0.08287207166646829,0.14816553843036273,34,Muy débil
Velocidad_Viento,pH,-0.08123228339736832,0.011761040542366409,0.08123228339736832,0.011761040542366409,50,Muy débil
Precipitacion_mm,PORCENTAJE DE LA POBLACION CON ACCESO A METODOS DE SANEAMIENTO ADECUADOS,-0.08026964631118289,0.021659891221059976,0.08026964631118289,0.021659891221059976,528,Muy débil
Precipitacion_mm,Nivel_Minimo,-0.07992761053151042,0.4377696875109977,0.07992761053151042,0.4377696875109977,87,Muy débil
Velocidad_Viento,DEMANDA QUIMICA DE OXIGENO (DQO),-0.0785946131058827,0.11289424345339058,0.0785946131058827,0.11289424345339058,49,Muy débil
Radiacion_Solar,COBERTURA DE ALCANTARILLADO RURAL,0.07753995051801353,0.03047374490297631,0.07753995051801353,0.03047374490297631,528,Muy débil
COBERTURA DE ALCANTARILLADO RURAL,NITROGENO TOTAL,-0.07748348147199803,-0.193390195754594,0.07748348147199803,0.193390195754594,29,No concluyente (n < 30)
VolumenUtilDiarioMasa,CONDUCTIVIDAD ELECTRICA,-0.07744231110813278,-0.08143720110537678,0.07744231110813278,0.08143720110537678,30,Muy débil
irca,COBERTURA DE ALCANTARILLADO URBANO,0.0771036014975268,0.3385714808706034,0.0771036014975268,0.3385714808706034,528,Muy débil
Mes,pH,-0.0765574434795979,0.02515578102965702,0.0765574434795979,0.02515578102965702,50,Muy débil
Temp_Max_C,ONI,0.07572001857998817,0.02191633582910032,0.07572001857998817,0.02191633582910032,528,Muy débil
TEMPERATURA,pH,0.07568833677591913,0.0791603623833468,0.07568833677591913,0.0791603623833468,50,Muy débil
Precipitacion_mm,COBERTURA DE ACUEDUCTO RURAL,0.07523638501381925,0.03069077471302442,0.07523638501381925,0.03069077471302442,528,Muy débil
PORCENTAJE DE LA POBLACION CON ACCESO A METODOS DE SANEAMIENTO ADECUADOS,CALIDAD DEL AGUA,-0.07391513943086508,-0.2155727271443866,0.07391513943086508,0.2155727271443866,96,Muy débil
irca,PORCENTAJE DE LA POBLACION CON ACCESO A METODOS DE SANEAMIENTO ADECUADOS,0.0731538480259263,-0.2724606851434096,0.0731538480259263,0.2724606851434096,528,Muy débil
Temp_Media_C,ONI,0.07270732474520589,0.05722921123487956,0.07270732474520589,0.05722921123487956,528,Muy débil
Mes,TEMPERATURA,0.07253580386781933,0.10636892078176771,0.07253580386781933,0.10636892078176771,50,Muy débil
Precipitacion_mm,CALIDAD DEL AGUA,0.07240075620425043,0.143960588065884,0.07240075620425043,0.143960588065884,96,Muy débil
Precipitacion_mm,Mes,0.07127110478576469,0.11666656150343922,0.07127110478576469,0.11666656150343922,528,Muy débil
irca,OXIGENO DISUELTO (OD),-0.07077663895302162,-0.27477425424117113,0.07077663895302162,0.27477425424117113,50,Muy débil
Radiacion_Solar,COBERTURA DE ACUEDUCTO URBANO,0.07071533588577025,0.08108973939169131,0.07071533588577025,0.08108973939169131,528,Muy débil
Mes,OXIGENO DISUELTO (OD),-0.07024600869475402,-0.06527272087833173,0.07024600869475402,0.06527272087833173,50,Muy débil
VolumenUtilDiarioMasa,OXIGENO DISUELTO (OD),0.0696637698182548,0.15846497906327478,0.0696637698182548,0.15846497906327478,30,Muy débil
Humedad_Relativa,ONI,-0.06900551928004676,0.021612369286138616,0.06900551928004676,0.021612369286138616,528,Muy débil
Radiacion_Solar,ACCESO A AGUA POTABLE ADECUADO,0.06869506862122783,0.15036062677184958,0.06869506862122783,0.15036062677184958,528,Muy débil
Precipitacion_mm,Anio,0.06866410609952918,0.039822359648625925,0.06866410609952918,0.039822359648625925,528,Muy débil
AGUAS RESIDUALES TRATADAS,pH,-0.06849026520699615,-0.21081851067789195,0.06849026520699615,0.21081851067789195,9,No concluyente (n < 30)
Humedad_Relativa,VolumenUtilDiarioMasa,0.06635769075299695,0.07068881556467677,0.06635769075299695,0.07068881556467677,336,Muy débil
ONI,COBERTURA DE ALCANTARILLADO RURAL,-0.06596651424742957,-0.053214886919296676,0.06596651424742957,0.053214886919296676,528,Muy débil
Velocidad_Viento,POBLACION TOTAL,0.06356478455302564,0.0055618602640774475,0.06356478455302564,0.0055618602640774475,528,Muy débil
VolumenUtilDiarioMasa,ACCESO A AGUA POTABLE ADECUADO,0.06351851212363704,-0.07780025828151069,0.06351851212363704,0.07780025828151069,336,Muy débil
DENSIDAD POBLACIONAL,CALIDAD DEL AGUA,0.06345386824715546,0.21428571428571427,0.06345386824715546,0.21428571428571427,96,Muy débil
Anio,TEMPERATURA,-0.06342495560000574,-0.06250577571508897,0.06342495560000574,0.06250577571508897,50,Muy débil
Humedad_Relativa,Anio,0.06234290888318597,0.05199362134073798,0.06234290888318597,0.05199362134073798,528,Muy débil
COBERTURA DE ALCANTARILLADO URBANO,Nivel_Minimo,0.06194078026209465,-0.3230702771333085,0.06194078026209465,0.3230702771333085,87,Muy débil
irca,Nivel_Minimo,0.061540757134162835,-0.3059252255649718,0.061540757134162835,0.3059252255649718,87,Muy débil
Velocidad_Viento,VolumenUtilDiarioMasa,0.06061847087897843,0.03381951937622345,0.06061847087897843,0.03381951937622345,336,Muy débil
DEMANDA BIOQUIMICA DE OXIGENO (DBO5),TURBIDEZ,-0.059890838132137365,-0.2506002995815371,0.059890838132137365,0.2506002995815371,26,No concluyente (n < 30)
Radiacion_Solar,FOSFORO TOTAL,0.05761111201494773,0.19758630528454293,0.05761111201494773,0.19758630528454293,49,Muy débil
Anio,irca,-0.05727042918024371,0.13033515079727465,0.05727042918024371,0.13033515079727465,528,Muy débil
Radiacion_Solar,AGUAS RESIDUALES TRATADAS,0.05661143453254646,-0.09078105095880923,0.05661143453254646,0.09078105095880923,96,Muy débil
Temp_Media_C,Mes,-0.05541095632528439,-0.06808013258097595,0.05541095632528439,0.06808013258097595,528,Muy débil
Mes,Nivel_Minimo,0.05494726666056572,0.0946805379389849,0.05494726666056572,0.0946805379389849,87,Muy débil
Precipitacion_mm,COBERTURA DE ALCANTARILLADO URBANO,0.05490171626547605,0.03214645210433645,0.05490171626547605,0.03214645210433645,528,Muy débil
COBERTURA DE ALCANTARILLADO RURAL,SOLIDOS SUSPENDIDOS TOTALES,-0.05380922323029452,-0.39289950603975426,0.05380922323029452,0.39289950603975426,50,Muy débil
Precipitacion_mm,VolumenUtilDiarioMasa,0.053025711906127315,0.07730735324146684,0.053025711906127315,0.07730735324146684,336,Muy débil
ONI,Nivel_Minimo,-0.051612504527523854,-0.12337305775189406,0.051612504527523854,0.12337305775189406,87,Muy débil
Temp_Min_C,irca,-0.049877484732163885,-0.019827271279834927,0.049877484732163885,0.019827271279834927,528,Muy débil
ACCESO A AGUA POTABLE ADECUADO,COBERTURA DE ALCANTARILLADO URBANO,0.043441593854026836,-0.0831509779424536,0.043441593854026836,0.0831509779424536,528,Muy débil
Anio,CALIDAD DEL AGUA,-0.043069359429804555,-0.10910894511799618,0.043069359429804555,0.10910894511799618,96,Muy débil
Velocidad_Viento,FOSFORO TOTAL,-0.042809007208699366,0.02036906913300029,0.042809007208699366,0.02036906913300029,49,Muy débil
Temp_Media_C,Anio,0.04278779387334351,0.05857551777755171,0.04278779387334351,0.05857551777755171,528,Muy débil
Humedad_Relativa,CALIDAD DEL AGUA,0.04102560935223377,0.10015719545780305,0.04102560935223377,0.10015719545780305,96,Muy débil
PORCENTAJE DE LA POBLACION CON ACCESO A METODOS DE SANEAMIENTO ADECUADOS,COBERTURA DE ALCANTARILLADO RURAL,0.03974656302592157,-0.31808465373094963,0.03974656302592157,0.31808465373094963,528,Muy débil
Temp_Min_C,Anio,0.03956378221170877,0.03785573603984627,0.03956378221170877,0.03785573603984627,528,Muy débil
Precipitacion_mm,ONI,-0.03855133467318509,0.05049170319524004,0.03855133467318509,0.05049170319524004,528,Muy débil
ONI,COBERTURA DE ALCANTARILLADO URBANO,0.03842076008198912,0.01647412365930556,0.03842076008198912,0.01647412365930556,528,Muy débil
Anio,POBLACION TOTAL,0.03737597801422406,0.18600835106560612,0.03737597801422406,0.18600835106560612,528,Muy débil
VolumenUtilDiarioMasa,CALIDAD DEL AGUA,0.03714725886567891,0.09194621406122841,0.03714725886567891,0.09194621406122841,96,Muy débil
Velocidad_Viento,CONDUCTIVIDAD ELECTRICA,-0.036985257078815115,-0.007935945659378423,0.036985257078815115,0.007935945659378423,50,Muy débil
Velocidad_Viento,DENSIDAD POBLACIONAL,0.03632679122586472,0.0055618602640774475,0.03632679122586472,0.0055618602640774475,528,Muy débil
ONI,COBERTURA DE ACUEDUCTO URBANO,0.03597195807077174,0.045943755842480415,0.03597195807077174,0.045943755842480415,528,Muy débil
Radiacion_Solar,COBERTURA DE ALCANTARILLADO URBANO,0.03475423770283916,0.1003925880219537,0.03475423770283916,0.1003925880219537,528,Muy débil
Velocidad_Viento,DEMANDA BIOQUIMICA DE OXIGENO (DBO5),-0.03327154804619573,0.22321428571428573,0.03327154804619573,0.22321428571428573,26,No concluyente (n < 30)
Temp_Media_C,INDICE DE DESEMPENO INSTITUCIONAL,0.03272189098643361,0.2912330591027843,0.03272189098643361,0.2912330591027843,48,Muy débil
Velocidad_Viento,irca,0.03194561988713329,0.05752565152876836,0.03194561988713329,0.05752565152876836,528,Muy débil
POBLACION TOTAL,pH,0.03189797890002248,-0.1049580591073699,0.03189797890002248,0.1049580591073699,50,Muy débil
Anio,DENSIDAD POBLACIONAL,0.0317712005499611,0.18600835106560612,0.0317712005499611,0.18600835106560612,528,Muy débil
Velocidad_Viento,SOLIDOS SUSPENDIDOS TOTALES,0.03133056249497559,0.07684729957294399,0.03133056249497559,0.07684729957294399,50,Muy débil
Velocidad_Viento,Anio,0.03048009042110103,0.05474398088866784,0.03048009042110103,0.05474398088866784,528,Muy débil
Precipitacion_mm,TURBIDEZ,0.03011242743808459,0.15191808748843505,0.03011242743808459,0.15191808748843505,34,Muy débil
Radiacion_Solar,PORCENTAJE DE LA POBLACION CON ACCESO A METODOS DE SANEAMIENTO ADECUADOS,0.03003184979733635,0.2054597298378407,0.03003184979733635,0.2054597298378407,528,Muy débil
ONI,SOLIDOS SUSPENDIDOS TOTALES,-0.02947936404403558,-0.15942573294886841,0.02947936404403558,0.15942573294886841,50,Muy débil
VolumenUtilDiarioMasa,SOLIDOS SUSPENDIDOS TOTALES,0.027707732710929373,0.0819290117702415,0.027707732710929373,0.0819290117702415,30,Muy débil
COBERTURA DE ALCANTARILLADO URBANO,NITROGENO TOTAL,-0.02761702380783805,-0.03870624902856388,0.02761702380783805,0.03870624902856388,29,No concluyente (n < 30)
PORCENTAJE DE LA POBLACION CON ACCESO A METODOS DE SANEAMIENTO ADECUADOS,pH,-0.02753812150206941,-0.36414737826795057,0.02753812150206941,0.36414737826795057,50,Muy débil
Temp_Max_C,COBERTURA DE ALCANTARILLADO URBANO,0.02729644442160151,0.18591617169691638,0.02729644442160151,0.18591617169691638,528,Muy débil
VolumenUtilDiarioMasa,POBLACION TOTAL,0.0270227191296991,0.14810531819464762,0.0270227191296991,0.14810531819464762,336,Muy débil
Temp_Min_C,ONI,0.02686422214390575,0.025708059367911523,0.02686422214390575,0.025708059367911523,528,Muy débil
SOLIDOS SUSPENDIDOS TOTALES,pH,-0.026722154040667148,-0.08703588078631536,0.026722154040667148,0.08703588078631536,50,Muy débil
Velocidad_Viento,TURBIDEZ,0.02666544314685128,-0.004060067559395969,0.02666544314685128,0.004060067559395969,34,Muy débil
PORCENTAJE DE LA POBLACION CON ACCESO A METODOS DE SANEAMIENTO ADECUADOS,AGUAS RESIDUALES TRATADAS,0.026235800745982425,-0.049088069367381595,0.026235800745982425,0.049088069367381595,96,Muy débil
Velocidad_Viento,NITROGENO TOTAL,-0.025368947151950476,-0.1274768095969836,0.025368947151950476,0.1274768095969836,29,No concluyente (n < 30)
PORCENTAJE DE LA POBLACION CON ACCESO A METODOS DE SANEAMIENTO ADECUADOS,DEMANDA BIOQUIMICA DE OXIGENO (DBO5),-0.02504223850111718,-0.3151717619646319,0.02504223850111718,0.3151717619646319,26,No concluyente (n < 30)
Humedad_Relativa,AGUAS RESIDUALES TRATADAS,0.02461912726315194,0.3310067518514835,0.02461912726315194,0.3310067518514835,96,Muy débil
VolumenUtilDiarioMasa,DENSIDAD POBLACIONAL,0.02298387163221506,0.14810531819464762,0.02298387163221506,0.14810531819464762,336,Muy débil
COBERTURA DE ALCANTARILLADO RURAL,Nivel_Minimo,-0.02287627111691448,-0.7755365347753621,0.02287627111691448,0.7755365347753621,87,Muy débil
Temp_Media_C,COBERTURA DE ALCANTARILLADO URBANO,0.02207219471900676,0.17681073881406292,0.02207219471900676,0.17681073881406292,528,Muy débil
Precipitacion_mm,DEMANDA BIOQUIMICA DE OXIGENO (DBO5),-0.021455951077568456,-0.20695614117321068,0.021455951077568456,0.20695614117321068,26,No concluyente (n < 30)
Temp_Min_C,VolumenUtilDiarioMasa,-0.02095079859119617,-0.02120833173508577,0.02095079859119617,0.02120833173508577,336,Muy débil
Temp_Max_C,Anio,0.020072072571254602,0.027871163634589625,0.020072072571254602,0.027871163634589625,528,Muy débil
irca,SOLIDOS SUSPENDIDOS TOTALES,0.018702193583233336,-0.008082177995465454,0.018702193583233336,0.008082177995465454,50,Muy débil
Temp_Max_C,INDICE DE DESEMPENO INSTITUCIONAL,-0.0181756077518956,0.25220893523403826,0.0181756077518956,0.25220893523403826,48,Muy débil
Temp_Max_C,VolumenUtilDiarioMasa,-0.01778843880673666,-0.02266869897885533,0.01778843880673666,0.02266869897885533,336,Muy débil
ONI,DEMANDA BIOQUIMICA DE OXIGENO (DBO5),-0.01673788411917651,-0.24276951623665974,0.01673788411917651,0.24276951623665974,26,No concluyente (n < 30)
Temp_Min_C,COBERTURA DE ALCANTARILLADO URBANO,-0.016227378557112992,0.09782688783609415,0.016227378557112992,0.09782688783609415,528,Muy débil
Radiacion_Solar,Mes,0.01564137266260115,0.06202033935971906,0.01564137266260115,0.06202033935971906,528,Muy débil
ONI,ACCESO A AGUA POTABLE ADECUADO,-0.012628123154867514,-0.03760109012815547,0.012628123154867514,0.03760109012815547,528,Muy débil
ONI,pH,0.012610550120291619,-0.12665401646810853,0.012610550120291619,0.12665401646810853,50,Muy débil
DENSIDAD POBLACIONAL,pH,-0.012095151428299655,-0.1049580591073699,0.012095151428299655,0.1049580591073699,50,Muy débil
DEMANDA QUIMICA DE OXIGENO (DQO),TURBIDEZ,-0.012043198688261427,0.021079048267669834,0.012043198688261427,0.021079048267669834,33,Muy débil
COBERTURA DE ALCANTARILLADO URBANO,DEMANDA QUIMICA DE OXIGENO (DQO),0.011978939444637252,0.2926995929856517,0.011978939444637252,0.2926995929856517,49,Muy débil
ONI,CALIDAD DEL AGUA,0.011784887269480009,0.028252909435471034,0.011784887269480009,0.028252909435471034,96,Muy débil
Humedad_Relativa,COBERTURA DE ALCANTARILLADO URBANO,0.011576010904724168,-0.13365655790707084,0.011576010904724168,0.13365655790707084,528,Muy débil
Anio,COBERTURA DE ACUEDUCTO RURAL,0.011203119382859578,0.12565617248750865,0.011203119382859578,0.12565617248750865,528,Muy débil
Temp_Min_C,Mes,-0.009995917219118813,-0.020551604530585004,0.009995917219118813,0.020551604530585004,528,Muy débil
Temp_Max_C,CALIDAD DEL AGUA,0.009434772037401883,0.1078690024652539,0.009434772037401883,0.1078690024652539,96,Muy débil
VolumenUtilDiarioMasa,COBERTURA DE ACUEDUCTO RURAL,0.009381082837646944,0.10917816632172607,0.009381082837646944,0.10917816632172607,336,Muy débil
Temp_Media_C,VolumenUtilDiarioMasa,-0.0092268525462065,-0.018181953391000292,0.0092268525462065,0.018181953391000292,336,Muy débil
Humedad_Relativa,TURBIDEZ,-0.008563828345846493,0.22376767878906206,0.008563828345846493,0.22376767878906206,34,Muy débil
Mes,DEMANDA QUIMICA DE OXIGENO (DQO),0.008465419536219786,0.0505337893055159,0.008465419536219786,0.0505337893055159,49,Muy débil
Radiacion_Solar,irca,0.00803341214283368,0.03520391997587036,0.00803341214283368,0.03520391997587036,528,Muy débil
Radiacion_Solar,Anio,0.007682981987283726,0.00315530831411256,0.007682981987283726,0.00315530831411256,528,Muy débil
COBERTURA DE ALCANTARILLADO RURAL,DEMANDA QUIMICA DE OXIGENO (DQO),0.007615366226400961,0.029720309209882386,0.007615366226400961,0.029720309209882386,49,Muy débil
Temp_Min_C,CALIDAD DEL AGUA,0.007097573680432634,0.11590830219890914,0.007097573680432634,0.11590830219890914,96,Muy débil
ONI,irca,0.006986909701189678,-0.028305409697093702,0.006986909701189678,0.028305409697093702,528,Muy débil
VolumenUtilDiarioMasa,FOSFORO TOTAL,-0.006288852928134508,0.008032162300804285,0.006288852928134508,0.008032162300804285,30,Muy débil
Velocidad_Viento,COBERTURA DE ALCANTARILLADO URBANO,0.00614209624315045,-0.027466660316562145,0.00614209624315045,0.027466660316562145,528,Muy débil
Velocidad_Viento,PORCENTAJE DE LA POBLACION CON ACCESO A METODOS DE SANEAMIENTO ADECUADOS,-0.005249362207486295,-0.12704531055014323,0.005249362207486295,0.12704531055014323,528,Muy débil
Temp_Media_C,CALIDAD DEL AGUA,0.004307538302359683,0.14035607970804925,0.004307538302359683,0.14035607970804925,96,Muy débil
Anio,DEMANDA BIOQUIMICA DE OXIGENO (DBO5),-0.00288592478493518,0.155217914981849,0.00288592478493518,0.155217914981849,26,No concluyente (n < 30)
ONI,COBERTURA DE ACUEDUCTO RURAL,0.0018022624748083378,0.025818161911704426,0.0018022624748083378,0.025818161911704426,528,Muy débil
Mes,TURBIDEZ,-0.0011813221657066037,-0.1539968481413033,0.0011813221657066037,0.1539968481413033,34,Muy débil
ONI,POBLACION TOTAL,-2.378328711027237e-05,-0.011013817711785044,2.378328711027237e-05,0.011013817711785044,528,Muy débil
ONI,DENSIDAD POBLACIONAL,-1.8568875347397058e-05,-0.011013817711785044,1.8568875347397058e-05,0.011013817711785044,528,Muy débil
Anio,AGUAS RESIDUALES TRATADAS,4.134042402077412e-13,0.0,4.134042402077412e-13,0.0,96,Muy débil
Anio,Mes,-1.828184559187396e-15,0.0,1.828184559187396e-15,0.0,528,Muy débil
VolumenUtilDiarioMasa,AGUAS RESIDUALES TRATADAS,-1.1242879962072107e-15,0.0,1.1242879962072107e-15,0.0,96,Muy débil
Mes,POBLACION TOTAL,-6.658990248124117e-16,0.0,6.658990248124117e-16,0.0,528,Muy débil
Mes,DENSIDAD POBLACIONAL,-6.365176601028946e-16,0.0,6.365176601028946e-16,0.0,528,Muy débil
Mes,ACCESO A AGUA POTABLE ADECUADO,-6.130925152756133e-16,0.0,6.130925152756133e-16,0.0,528,Muy débil
VolumenUtilDiarioMasa,INDICE DE DESEMPENO INSTITUCIONAL,4.700133484990419e-16,0.0,4.700133484990419e-16,0.0,48,Muy débil
Mes,COBERTURA DE ACUEDUCTO RURAL,-4.273972530345011e-16,0.0,4.273972530345011e-16,0.0,528,Muy débil
Mes,COBERTURA DE ACUEDUCTO URBANO,2.8679474431184336e-16,0.0,2.8679474431184336e-16,0.0,528,Muy débil
Mes,PORCENTAJE DE LA POBLACION CON ACCESO A METODOS DE SANEAMIENTO ADECUADOS,-2.7891897329513e-16,0.0,2.7891897329513e-16,0.0,528,Muy débil
Mes,COBERTURA DE ALCANTARILLADO RURAL,2.344320997466423e-16,0.0,2.344320997466423e-16,0.0,528,Muy débil
Mes,irca,-2.25044491488462e-16,0.0,2.25044491488462e-16,0.0,528,Muy débil
ONI,AGUAS RESIDUALES TRATADAS,-1.975893491357484e-16,0.0,1.975893491357484e-16,0.0,96,Muy débil
Mes,CALIDAD DEL AGUA,1.505527988220396e-16,0.0,1.505527988220396e-16,0.0,96,Muy débil
Mes,COBERTURA DE ALCANTARILLADO URBANO,-1.5002957508407078e-16,0.0,1.5002957508407078e-16,0.0,528,Muy débil
Mes,AGUAS RESIDUALES TRATADAS,1.2240249515484984e-16,0.0,1.2240249515484984e-16,0.0,96,Muy débil
ONI,INDICE DE DESEMPENO INSTITUCIONAL,1.0958664897847428e-16,0.0,1.0958664897847428e-16,0.0,48,Muy débil
Mes,INDICE DE DESEMPENO INSTITUCIONAL,8.233470708115982e-18,0.0,8.233470708115982e-18,0.0,48,Muy débil
Precipitacion_mm,CONTINUIDAD DE ACUEDUCTO URBANO,,,,,96,No calculable
Temp_Max_C,CONTINUIDAD DE ACUEDUCTO URBANO,,,,,96,No calculable
Temp_Min_C,CONTINUIDAD DE ACUEDUCTO URBANO,,,,,96,No calculable
Temp_Media_C,CONTINUIDAD DE ACUEDUCTO URBANO,,,,,96,No calculable
Humedad_Relativa,CONTINUIDAD DE ACUEDUCTO URBANO,,,,,96,No calculable
Velocidad_Viento,CONTINUIDAD DE ACUEDUCTO URBANO,,,,,96,No calculable
Radiacion_Solar,CONTINUIDAD DE ACUEDUCTO URBANO,,,,,96,No calculable
Anio,INDICE DE DESEMPENO INSTITUCIONAL,,,,,48,No calculable
Anio,CONTINUIDAD DE ACUEDUCTO URBANO,,,,,96,No calculable
Mes,CONTINUIDAD DE ACUEDUCTO URBANO,,,,,96,No calculable
ONI,CONTINUIDAD DE ACUEDUCTO URBANO,,,,,96,No calculable
VolumenUtilDiarioMasa,CONTINUIDAD DE ACUEDUCTO URBANO,,,,,96,No calculable
irca,CONTINUIDAD DE ACUEDUCTO URBANO,,,,,96,No calculable
POBLACION TOTAL,CONTINUIDAD DE ACUEDUCTO URBANO,,,,,96,No calculable
DENSIDAD POBLACIONAL,CONTINUIDAD DE ACUEDUCTO URBANO,,,,,96,No calculable
INDICE DE DESEMPENO INSTITUCIONAL,COBERTURA DE ACUEDUCTO URBANO,,,,,48,No calculable
INDICE DE DESEMPENO INSTITUCIONAL,CONTINUIDAD DE ACUEDUCTO URBANO,,,,,48,No calculable
INDICE DE DESEMPENO INSTITUCIONAL,Nivel_Minimo,,,,,0,No calculable
INDICE DE DESEMPENO INSTITUCIONAL,DEMANDA BIOQUIMICA DE OXIGENO (DBO5),,,,,0,No calculable
ACCESO A AGUA POTABLE ADECUADO,CONTINUIDAD DE ACUEDUCTO URBANO,,,,,96,No calculable
PORCENTAJE DE LA POBLACION CON ACCESO A METODOS DE SANEAMIENTO ADECUADOS,CONTINUIDAD DE ACUEDUCTO URBANO,,,,,96,No calculable
COBERTURA DE ACUEDUCTO URBANO,CONTINUIDAD DE ACUEDUCTO URBANO,,,,,96,No calculable
COBERTURA DE ACUEDUCTO URBANO,CALIDAD DEL AGUA,,,,,96,No calculable
COBERTURA DE ACUEDUCTO URBANO,AGUAS RESIDUALES TRATADAS,,,,,96,No calculable
COBERTURA DE ACUEDUCTO RURAL,CONTINUIDAD DE ACUEDUCTO URBANO,,,,,96,No calculable
COBERTURA DE ALCANTARILLADO URBANO,CONTINUIDAD DE ACUEDUCTO URBANO,,,,,96,No calculable
COBERTURA DE ALCANTARILLADO RURAL,CONTINUIDAD DE ACUEDUCTO URBANO,,,,,96,No calculable
CONTINUIDAD DE ACUEDUCTO URBANO,CALIDAD DEL AGUA,,,,,96,No calculable
CONTINUIDAD DE ACUEDUCTO URBANO,AGUAS RESIDUALES TRATADAS,,,,,96,No calculable
CONTINUIDAD DE ACUEDUCTO URBANO,Nivel_Minimo,,,,,0,No calculable
CONTINUIDAD DE ACUEDUCTO URBANO,CONDUCTIVIDAD ELECTRICA,,,,,9,No calculable
CONTINUIDAD DE ACUEDUCTO URBANO,DEMANDA BIOQUIMICA DE OXIGENO (DBO5),,,,,2,No calculable
CONTINUIDAD DE ACUEDUCTO URBANO,DEMANDA QUIMICA DE OXIGENO (DQO),,,,,9,No calculable
CONTINUIDAD DE ACUEDUCTO URBANO,FOSFORO TOTAL,,,,,9,No calculable
CONTINUIDAD DE ACUEDUCTO URBANO,NITROGENO TOTAL,,,,,9,No calculable
CONTINUIDAD DE ACUEDUCTO URBANO,OXIGENO DISUELTO (OD),,,,,9,No calculable
CONTINUIDAD DE ACUEDUCTO URBANO,SOLIDOS SUSPENDIDOS TOTALES,,,,,9,No calculable
CONTINUIDAD DE ACUEDUCTO URBANO,TEMPERATURA,,,,,9,No calculable
CONTINUIDAD DE ACUEDUCTO URBANO,TURBIDEZ,,,,,6,No calculable
CONTINUIDAD DE ACUEDUCTO URBANO,pH,,,,,9,No calculable
CALIDAD DEL AGUA,Nivel_Minimo,,,,,0,No calculable
AGUAS RESIDUALES TRATADAS,Nivel_Minimo,,,,,0,No calculable
Nivel_Minimo,NITROGENO TOTAL,,,,,0,No calculable
