Registro,Prediccion
12,0.32379162
13,0.2677925
14,0.24372248
15,0.23237748
16,0.24240479
17,0.2514428
18,0.2413269
19,0.25034934
20,0.25597227
21,0.2887355
22,0.35006115
23,0.45198965
24,0.51168317
25,0.58529896
26,0.54813564
27,0.5767381
28,0.5690399
29,0.5604132
30,0.5226902
31,0.46073428
32,0.3850522
33,0.35578644
34,0.38547635
35,0.41282287
36,0.43737656
37,0.4413904
38,0.4193184
39,0.41818
40,0.441647
41,0.45145446
42,0.43757153
43,0.39492166
44,0.38549232
45,0.3794302
46,0.38058594
47,0.40675116
48,0.38934505
49,0.3998166
50,0.3943124
51,0.41041172
52,0.4197388
53,0.42607656
54,0.39304087
55,0.35769275
56,0.33237132
57,0.34310785
58,0.38840958
59,0.45246017
60,0.47437936
61,0.4315306
62,0.41056192
63,0.43263176
64,0.45015267
65,0.4692235
66,0.46346673
67,0.45580143
68,0.4221553
69,0.39663634
70,0.41372633
71,0.4575407
72,0.46683246
73,0.43267393
74,0.40693423
75,0.42636377
76,0.43095076
77,0.4039159
78,0.37991375
79,0.35840106
80,0.3512781
81,0.34369937
82,0.34444636
83,0.36646098
84,0.37960386
85,0.37889597
86,0.4023353
87,0.43783242
88,0.46242723
89,0.47155887
90,0.47702152
91,0.42882103
92,0.39250875
93,0.35922047
94,0.38233653
95,0.41207117
96,0.38963223
97,0.39227396
98,0.37748435
99,0.41263646
100,0.4233316
101,0.40813985
102,0.40128726
103,0.38483945
104,0.36070454
105,0.34802538
106,0.33804712
107,0.3354451
108,0.3320803
109,0.28901827
110,0.2742505
111,0.26323944
112,0.25777227
113,0.2761976
114,0.27432746
115,0.2687981
116,0.27584365
117,0.29363716
118,0.34364203
119,0.44950518
120,0.53694916
121,0.5761689
122,0.66686344
123,0.724428
124,0.77789545
125,0.8240283
126,0.85674137
127,0.86255825
128,0.87517506
129,0.88316447
130,0.90101665
131,0.9147381
132,0.91671425
133,0.9046112
134,0.90100396
135,0.9042764
136,0.9039204
137,0.8904301
138,0.86186206
139,0.8105352
140,0.7107657
141,0.57283133
142,0.49634808
143,0.43815276
144,0.40093726
145,0.35393968
146,0.3281492
147,0.31674364
148,0.32133865
149,0.35468385
150,0.37912697
151,0.4146233
152,0.436028
153,0.47738448
154,0.5147094
155,0.55622184
156,0.5486597
157,0.5537726
158,0.51602364
159,0.5036832
160,0.50615346
161,0.48980036
162,0.47671804
163,0.4762968
164,0.43867055
165,0.41903374
166,0.4285646
167,0.4479109
168,0.43474427
169,0.47847214
170,0.4642409
171,0.47139335
172,0.48254082
173,0.47340775
174,0.46765658
175,0.4591414
176,0.43313402
177,0.4172699
178,0.3945834
179,0.3954273
180,0.39544392
181,0.40921003
182,0.41315806
183,0.42572877
184,0.47489852
185,0.48918578
186,0.4973212
187,0.4953649
188,0.48733616
189,0.48461652
190,0.4933316
191,0.5188546
192,0.5126531
193,0.4939924
194,0.4494395
195,0.46705616
196,0.51214844
197,0.5398262
198,0.56194997
199,0.571376
200,0.57227284
201,0.560924
202,0.535298
203,0.52124906
204,0.49478447
205,0.4807715
206,0.4507039
207,0.4451704
208,0.4428521
209,0.43159238
210,0.39516014
211,0.38453054
212,0.3768412
213,0.3648797
214,0.37034664
215,0.38784838
216,0.382378
217,0.38735795
218,0.41666257
219,0.4734345
220,0.4847603
221,0.5426251
222,0.5406313
223,0.5497351
224,0.53489447
225,0.49615425
226,0.48437962
227,0.49043378
228,0.4478005
229,0.45549256
230,0.4425333
231,0.48370162
232,0.507118
233,0.48906967
234,0.48530573
235,0.46137077
236,0.43125108
237,0.41099066
238,0.3953714
239,0.40885043
240,0.4040814
241,0.38015136
242,0.3558934
243,0.3737158
244,0.38726312
245,0.40684402
246,0.42561826
247,0.4453396
248,0.47676033
249,0.50744843
250,0.54658943
251,0.6037335
252,0.6572214
253,0.65600604
254,0.70543146
255,0.7683188
256,0.8109286
257,0.8434303
258,0.87615335
259,0.90046155
260,0.9138842
261,0.919277
262,0.92491704
263,0.93342274
264,0.9303325
265,0.91554815
266,0.89566296
267,0.87880194
268,0.8710084
269,0.84019357
270,0.8053904
271,0.7178481
272,0.5598128
273,0.35197067
274,0.25419167
275,0.20757246
276,0.18643838
277,0.18163335
278,0.16983281
279,0.16613567
280,0.17384918
281,0.17870578
282,0.17784478
283,0.18190373
284,0.18107122
285,0.1832603
286,0.18853538
287,0.19979447
288,0.20375074
289,0.23438168
290,0.22139692
291,0.22235593
292,0.21480836
293,0.21579917
294,0.21529318
295,0.21628553
296,0.21644314
297,0.21761958
298,0.22145255
299,0.21776097
300,0.21074699
301,0.21774055
302,0.20265226
303,0.20018472
304,0.22166058
305,0.22621293
306,0.23896615
307,0.24047004
308,0.24392432
309,0.24085309
310,0.23557164
311,0.23036005
312,0.21763836
313,0.21298027
314,0.19200025
315,0.19466618
316,0.19355237
317,0.19675453
318,0.20036922
319,0.20036267
320,0.20590764
321,0.20574468
322,0.21162505
323,0.21475779
324,0.22048867
325,0.2176234
326,0.20164132
327,0.18796703
328,0.19092019
329,0.19850022
330,0.19818963
331,0.2019227
332,0.20484202
333,0.2087391
334,0.20905718
335,0.22205527
336,0.22401954
337,0.2419422
338,0.24442822
339,0.2473314
340,0.2429914
341,0.24841954
342,0.25067544
343,0.26587105
344,0.2646552
345,0.27115205
346,0.28981107
347,0.28507754
348,0.2851854
349,0.28743732
350,0.30787858
351,0.34285
352,0.3694159
353,0.40934625
354,0.42800453
355,0.403489
356,0.35664
357,0.3279789
358,0.30382663
359,0.30853447
360,0.2863687
361,0.29086939
362,0.24832098
363,0.24758695
364,0.25061095
365,0.24654534
366,0.24035172
367,0.2335887
368,0.22181082
369,0.20645106
370,0.19689108
371,0.18720771
372,0.18392201
373,0.18142356
374,0.17408653
375,0.16832384
376,0.1665979
377,0.17653595
378,0.17681473
379,0.18160057
380,0.18155758
381,0.18366982
382,0.1874958
383,0.19967195
384,0.20491609
385,0.23237458
386,0.238438
387,0.2609247
388,0.29197642
389,0.31910405
390,0.37711272
391,0.4184023
392,0.48202434
393,0.543534
394,0.6694107
395,0.77542067
396,0.81752
397,0.82079405
398,0.78441167
399,0.74103576
400,0.71100265
401,0.6514528
402,0.5915749
403,0.5257111
404,0.4750223
405,0.4211852
406,0.37922725
407,0.34486145
408,0.33507204
409,0.30300355
410,0.28112745
411,0.26575524
412,0.25755346
413,0.26857048
414,0.27282187
415,0.29030216
416,0.30333245
417,0.3284955
418,0.35061753
419,0.37493593
420,0.37051702
421,0.3923579
422,0.37575278
423,0.37780866
424,0.3728929
425,0.36586216
426,0.35362828
427,0.34061173
428,0.32202047
429,0.31700388
430,0.31892002
431,0.32763088
432,0.32548898
433,0.336973
434,0.3396128
435,0.3408512
436,0.3504908
437,0.35226575
438,0.34409013
439,0.33093944
440,0.32222584
441,0.3200969
442,0.31516808
443,0.3250827
444,0.31781447
445,0.32259658
446,0.32359576
447,0.33100548
448,0.34826463
449,0.3488276
450,0.33826584
451,0.3279652
452,0.32597598
453,0.33243015
454,0.3431769
455,0.3582711
456,0.36246282
457,0.3473569
458,0.3269853
459,0.32885224
460,0.339371
461,0.3507791
462,0.34296486
463,0.34294105
464,0.3411648
465,0.34046754
466,0.3495587
467,0.3594482
468,0.3545441
469,0.3537133
470,0.34743804
471,0.35898006
472,0.35305917
473,0.34514582
474,0.32935482
475,0.32428887
476,0.32192433
477,0.3155644
478,0.31279
479,0.31436267
480,0.313106
481,0.319126
482,0.3364969
483,0.3552287
484,0.3621738
485,0.37034994
486,0.37026298
487,0.35236144
488,0.339653
489,0.32368296
490,0.32443586
491,0.3318006
492,0.325131
493,0.33500984
494,0.32909516
495,0.34846327
496,0.36010295
497,0.34685916
498,0.33565512
499,0.3266296
500,0.31899342
501,0.31136957
502,0.3036714
503,0.30456835
504,0.30026418
505,0.28755292
506,0.27137902
507,0.2681929
508,0.2636054
509,0.26408765
510,0.26860306
511,0.27671337
512,0.29627854
513,0.31942537
514,0.34580964
515,0.3849852
516,0.41594076
517,0.4184574
518,0.45771402
519,0.4946871
520,0.53743523
521,0.582294
522,0.6371354
523,0.68204343
524,0.7285361
525,0.76774037
526,0.8049435
527,0.8523222
528,0.8624337
