ONI,PORCENTAJE DE LA POBLACION CON ACCESO A METODOS DE SANEAMIENTO ADECUADOS,Precipitacion_mm,Radiacion_Solar,irca,Humedad_Relativa,Temp_Min_C,Mes,Velocidad_Viento,VolumenUtilDiarioMasa
0.5708418891170431,0.0,-0.5947990543735225,0.6283618581907103,1.625,-1.1919770773638951,-0.7100442198357548,-1.0,0.9444444444444448,
0.48049281314168374,0.0,-0.6855791962174942,0.32518337408313064,1.625,-1.0558739255014307,0.6216045483259633,-0.8181818181818182,0.30555555555555525,
0.48049281314168374,0.0,-0.11252955082742315,0.06601466992665107,1.625,-0.8481375358166167,0.5710675931775108,-0.6363636363636364,0.16666666666666682,
0.6858316221765913,0.0,0.05957446808510647,0.03178484107579522,1.625,-0.8424068767908298,0.3916614024005054,-0.45454545454545453,0.11111111111111122,
0.8583162217659137,0.0,-0.4869976359338062,-0.24205378973104988,1.625,-0.9498567335243541,0.2476310802274163,-0.2727272727272727,0.30555555555555525,
1.0225872689938398,0.0,-0.34137115839243504,-0.5745721271393625,1.625,-1.2936962750716305,0.18698673404927352,-0.09090909090909091,2.3611111111111107,
1.24435318275154,0.0,-0.3432624113475177,0.03667481662591823,1.625,-1.6446991404011437,-0.048010107391029545,0.09090909090909091,2.0,
1.6303901437371662,0.0,-0.6231678486997637,-0.1687041564792169,1.625,-2.1604584527220596,0.13897662665824398,0.2727272727272727,1.8888888888888888,
1.8521560574948668,0.0,-0.6307328605200947,0.9853300733496344,1.625,-2.7048710601719175,-0.23499684144030306,0.45454545454545453,1.6666666666666663,
1.9917864476386038,0.0,-0.2543735224586289,0.4083129584352079,1.625,-1.9068767908309427,0.41945672773215403,0.6363636363636364,0.16666666666666682,
2.2874743326488707,0.0,0.06903073286052015,-0.36430317848410604,1.625,-0.7478510028653269,0.4068224889450408,0.8181818181818182,-0.19444444444444461,
2.279260780287474,0.0,-0.9182033096926715,0.6577017114914432,1.625,-2.7005730659025766,0.1364497789008214,1.0,1.7222222222222219,
2.2546201232032854,0.0,-1.0052009456264777,1.4596577017114918,1.5625,-2.885386819484237,0.5356917245735945,-1.0,0.05555555555555561,
1.9753593429158112,0.0,-0.8009456264775414,0.10513447432762994,1.5625,-2.885386819484237,0.8616550852811116,-0.8181818181818182,0.2777777777777774,
1.4168377823408622,0.0,-0.3186761229314421,0.18337408312958595,1.5625,-2.0415472779369597,0.6670878079595703,-0.6363636363636364,-0.027777777777777804,
0.8501026694045174,0.0,0.6212765957446812,-0.48166259168704,1.5625,-0.6575931232091672,0.7934301958307011,-0.45454545454545453,-0.41666666666666674,
0.34907597535934287,0.0,-0.10118203309692676,-0.1589242053789709,1.5625,-0.9842406876790811,0.5761212886923559,-0.2727272727272727,0.08333333333333341,
0.03696098562628337,0.0,-0.41323877068557924,-0.01711491442542619,1.5625,-1.608882521489969,0.18445988629185095,-0.09090909090909091,0.8888888888888891,
-0.3408624229979466,0.0,-0.38676122931442086,-0.2518337408312942,1.5625,-1.8553008595988512,0.1364497789008214,0.09090909090909091,1.1388888888888886,
-0.42299794661190965,0.0,-0.17683215130023638,0.2958435207823978,1.5625,-2.3767908309455557,0.20214782059380934,0.2727272727272727,1.638888888888889,
-0.42299794661190965,0.0,-0.26572104018912523,0.4621026894865541,1.5625,-1.9756446991403989,0.045483259633606984,0.45454545454545453,0.47222222222222204,
-0.5544147843942504,0.0,0.14846335697399535,0.3789731051344751,1.5625,-0.891117478510026,0.4598862918509159,0.6363636363636364,-0.5833333333333336,
-0.5626283367556467,0.0,0.28274231678487005,-0.4572127139364284,1.5625,-0.19914040114612974,0.38913455464308283,0.8181818181818182,-0.05555555555555561,
-0.3162217659137577,0.0,-0.2732860520094562,-0.23716381418092689,1.5625,-0.5128939828080203,0.39418825015792797,1.0,-0.6388888888888888,
-0.20123203285420943,0.0,-0.7725768321513005,-0.3594132029339839,1.6874999999999998,-0.8438395415472755,-0.1339229311433984,-1.0,-0.05555555555555561,
0.06981519507186859,0.0,-0.84822695035461,1.3374083129584355,1.6874999999999998,-1.7234957020057278,0.4598862918509159,-0.8181818181818182,0.7500000000000001,
0.11909650924024642,0.0,0.5834515366430262,-0.6430317848410741,1.6874999999999998,-0.43409742120343625,0.7984838913455462,-0.6363636363636364,-0.5555555555555558,
0.2833675564681725,0.0,0.03498817966903083,0.17848410757946293,1.6874999999999998,-0.7679083094555849,0.3158559696778268,-0.45454545454545453,-0.16666666666666682,
0.3983572895277207,0.0,0.8236406619385344,0.1198044009779955,1.6874999999999998,-0.435530085959884,0.3108022741629817,-0.2727272727272727,-0.3333333333333333,
0.3326488706365503,0.0,0.1617021276595746,-0.32518337408312803,1.6874999999999998,-0.5186246418338092,0.16171825647504748,-0.09090909090909091,-0.11111111111111122,
0.25051334702258726,0.0,-0.5513002364066194,0.08557457212714138,1.6874999999999998,-0.9555873925501409,0.1339229311433984,0.09090909090909091,1.111111111111111,
-0.07802874743326489,0.0,-0.10307328605200947,0.5941320293398544,1.6874999999999998,-1.1905444126074474,0.11623499684144048,0.2727272727272727,0.05555555555555561,
-0.3080082135523614,0.0,-0.45862884160756506,0.6772616136919317,1.6874999999999998,-1.202005730659023,0.0,0.45454545454545453,0.027777777777777804,
-0.406570841889117,0.0,0.35839243498817985,-0.1687041564792169,1.6874999999999998,-0.7406876790830923,0.43209096651926726,0.6363636363636364,-0.08333333333333341,
-0.7268993839835729,0.0,0.5702127659574469,-0.0024449877750606364,1.6874999999999998,-0.002865329512891375,0.510423246999368,0.8181818181818182,-0.5000000000000001,
-0.7104722792607803,0.0,-0.5248226950354611,0.19804400977995149,1.6874999999999998,-0.45558739255014197,-0.255211623499684,1.0,-0.2500000000000002,
-0.6529774127310062,0.0,-0.6382978723404256,0.32029339853300764,1.2812499999999998,-0.7148997134670476,0.07327858496525605,-1.0,-0.3333333333333333,
-0.5051334702258726,0.0,-0.6534278959810875,0.05623471882640679,1.2812499999999998,-0.7951289398280773,0.10612760581174979,-0.8181818181818182,0.2500000000000002,
-0.5626283367556467,0.0,-0.4416075650118204,0.3398533007334979,1.2812499999999998,-1.0085959885386802,0.39671509791535053,-0.6363636363636364,0.16666666666666682,
-0.3080082135523614,0.0,0.6382978723404259,-0.5061124694376508,1.2812499999999998,-0.18624641833810635,0.46493998736576103,-0.45454545454545453,-0.22222222222222243,
-0.061601642710472276,0.0,0.753664302600473,-0.3496332518337396,1.2812499999999998,-0.3667621776504279,0.32090966519267194,-0.2727272727272727,-0.5000000000000001,
0.0944558521560575,0.0,0.1238770685579197,-0.1002444987775052,1.2812499999999998,-0.8595988538681923,0.1212886923562856,-0.09090909090909091,0.6944444444444444,
0.15195071868583163,0.0,-0.01796690307328601,-0.08068459657701663,1.2812499999999998,-0.9885386819484223,0.2425773847125712,0.09090909090909091,0.8888888888888891,
0.12731006160164274,0.0,-0.21087470449172568,0.848410757946211,1.2812499999999998,-1.2249283667621744,-0.34617814276689796,0.2727272727272727,2.055555555555556,
0.43121149897330596,0.0,-0.2600472813238771,0.7848410757946224,1.2812499999999998,-1.2793696275071615,0.1819330385344284,0.45454545454545453,0.5833333333333333,
0.7926078028747433,0.0,0.17494089834515367,0.535452322738387,1.2812499999999998,-0.3782234957020036,0.45483259633607076,0.6363636363636364,-0.38888888888888895,
0.8008213552361396,0.0,-0.042553191489361646,-0.11980440097799376,1.2812499999999998,-0.22349570200572882,0.5988629185091598,0.8181818181818182,-0.6388888888888888,
0.8254620123203285,0.0,-0.8955082742316786,1.1222493887530562,1.2812499999999998,-1.104584527220629,-0.06822488945041048,1.0,0.3888888888888886,
0.6858316221765913,0.0,-0.8028368794326242,0.3545232273838635,0.9375,-1.10888252148997,-0.13139608338597583,-1.0,0.7500000000000001,375310870.9677419
0.7186858316221766,0.0,-0.5475177304964539,0.14914425427873007,0.9375,-1.1146131805157569,0.624131396083386,-0.8181818181818182,-0.22222222222222243,349228892.8571429
0.7597535934291582,0.0,0.1522458628841609,-0.9511002444987751,0.9375,-0.5343839541547261,0.5331648768161715,-0.6363636363636364,-0.5833333333333336,322214612.9032258
0.6201232032854209,0.0,0.3489361702127662,-0.13936430317848233,0.9375,-0.2578796561604559,0.5508528111181299,-0.45454545454545453,-0.3055555555555555,308249466.6666667
0.5544147843942505,0.0,0.8803782505910168,-0.24205378973104988,0.9375,-0.499999999999999,0.4750473783954517,-0.2727272727272727,-0.36111111111111116,307606161.2903226
0.43121149897330596,0.0,0.006619385342789627,-0.07579462102689362,0.9375,-0.6446991404011437,0.17435249526216026,-0.09090909090909091,0.7222222222222223,321782800.0
0.3408624229979466,0.0,-0.19007092198581563,0.4914425427872869,0.9375,-1.074498567335241,0.005053695514845121,0.09090909090909091,1.083333333333333,366243806.4516129
0.08624229979466119,0.0,-0.5059101654846336,0.6136919315403431,0.9375,-1.3624641833810867,0.030322173089071626,0.2727272727272727,1.7777777777777777,390054870.9677419
0.06981519507186859,0.0,-0.27517730496453907,0.5012224938875312,0.9375,-1.4097421203438372,-0.07580543272267816,0.45454545454545453,0.7777777777777779,399258666.6666667
0.4476386036960986,0.0,0.36028368794326254,0.2029339853300745,0.9375,-0.7793696275071605,0.40429564118761824,0.6363636363636364,-0.44444444444444453,392567870.9677419
0.48870636550308005,0.0,0.38676122931442086,-0.14425427872860533,0.9375,-0.10315186246418112,0.4826279216677194,0.8181818181818182,-0.2500000000000002,385040666.6666667
0.5297741273100616,0.0,-0.6174940898345155,0.026894865525673946,0.9375,-0.6232091690544401,0.5331648768161715,1.0,-0.3055555555555555,381478322.5806451
0.6529774127310062,0.0,-0.9617021276595746,1.1858190709046466,0.46875,-0.9340974212034353,-0.26784586228679724,-1.0,1.3055555555555556,365105645.1612903
0.4394250513347023,0.0,-0.2411347517730496,1.396088019559903,0.46875,-1.351002865329511,-0.39671509791535053,-0.8181818181818182,0.9166666666666669,341265620.6896552
0.48870636550308005,0.0,-0.45862884160756506,0.10024449877750694,0.46875,-0.8567335243552989,-0.05559065066329768,-0.6363636363636364,0.05555555555555561,318710096.7741935
0.406570841889117,0.0,-0.12198581560283683,0.0611246943765298,0.46875,-0.891117478510026,0.7605811749842069,-0.45454545454545453,-0.38888888888888895,300844166.6666667
-0.11909650924024642,0.0,-0.24680851063829787,-0.3936430317848397,0.46875,-1.0659025787965586,0.42703727100442174,-0.2727272727272727,0.30555555555555525,290141870.9677419
-0.21765913757700206,0.0,0.8652482269503549,-0.05623471882640506,0.46875,-1.0085959885386802,0.14150347441566655,-0.09090909090909091,0.5833333333333333,294335733.3333333
-0.19301848049281312,0.0,0.14657210401891263,-0.0904645476772609,0.46875,-1.153295128939825,-0.027795325331648614,0.09090909090909091,0.2777777777777774,323125516.1290323
-0.43121149897330596,0.0,-0.36595744680851067,0.05623471882640679,0.46875,-1.183381088825213,0.13139608338597583,0.2727272727272727,0.2500000000000002,336433612.9032258
-0.6365503080082136,0.0,-0.3527186761229315,1.0097799511002443,0.46875,-1.45558739255014,0.0985470625394821,0.45454545454545453,0.2777777777777774,328335333.3333333
-0.973305954825462,0.0,-0.7347517730496456,0.4816625916870426,0.46875,-1.9828080229226335,0.18951358180669609,0.6363636363636364,0.6666666666666666,314703548.3870968
-1.104722792607803,0.0,-0.657210401891253,-0.1638141809290939,0.46875,-0.6690544412607428,0.6771951989892606,0.8181818181818182,-0.611111111111111,321075166.6666667
-0.8501026694045175,0.0,-0.40945626477541375,0.4816625916870426,0.46875,-1.6346704871060138,0.15666456096020234,1.0,-0.44444444444444453,333583677.4193549
-0.6611909650924024,0.0,-0.4643026004728133,0.9119804400977998,0.5937499999999998,-1.8352435530085933,-0.09349336702463654,-1.0,0.11111111111111122,318859483.8709677
-0.6858316221765913,0.0,-0.4416075650118204,-0.007334963325181909,0.5937499999999998,-1.6833810888252119,0.7378395451674034,-0.8181818181818182,0.027777777777777804,300381750.0
-0.5544147843942504,0.0,-0.2997635933806147,-0.789731051344741,0.5937499999999998,-0.9613180515759298,0.7757422615287427,-0.6363636363636364,-0.27777777777777773,294729838.7096774
-0.48049281314168374,0.0,0.008510638297872328,0.04645476772616251,0.5937499999999998,-0.9856733524355289,0.4219835754895766,-0.45454545454545453,-0.2500000000000002,296661366.6666667
-0.27515400410677615,0.0,-0.7763593380614658,0.38386308068459807,0.5937499999999998,-1.104584527220629,0.4952621604548326,-0.2727272727272727,0.4166666666666664,321908612.9032258
-0.16837782340862423,0.0,0.13522458628841608,0.1198044009779955,0.5937499999999998,-1.0128939828080215,-0.0985470625394821,-0.09090909090909091,0.19444444444444461,359512233.3333333
-0.2669404517453799,0.0,-0.7536643026004729,0.1246943765281185,0.5937499999999998,-1.60315186246418,0.05559065066329768,0.09090909090909091,1.6944444444444442,393645387.0967742
-0.3819301848049281,0.0,-0.672340425531915,0.1295843520782415,0.5937499999999998,-1.8424068767908277,0.2476310802274163,0.2727272727272727,0.6388888888888888,434575580.6451613
-0.41478439425051333,0.0,-0.19196217494089832,0.7212713936430318,0.5937499999999998,-1.995702005730657,0.1819330385344284,0.45454545454545453,0.6944444444444444,456232800.0
-0.7186858316221766,0.0,-0.5172576832151301,0.5647921760391199,0.5937499999999998,-1.3309455587392531,0.5634870499052431,0.6363636363636364,-0.4722222222222224,461579258.0645161
-0.7186858316221766,0.0,-0.5607565011820332,0.618581907090466,0.5937499999999998,-1.1891117478509998,0.6620341124447252,0.8181818181818182,-0.36111111111111116,481237600.0
-0.7761806981519507,0.0,-0.7063829787234044,0.07579462102689535,0.5937499999999998,-1.3553008595988523,0.8439671509791532,1.0,0.027777777777777804,474543580.6451613
-0.6201232032854209,0.0,-0.7555555555555556,0.5207823960880198,0.28124999999999994,-2.058739255014324,0.6367656348704988,-1.0,0.4166666666666664,453196074.1935484
-0.595482546201232,0.0,-0.21654846335697397,-0.5158924205378959,0.28124999999999994,-1.5744985673352418,0.44219835754895753,-0.8181818181818182,-0.36111111111111116,432436285.7142857
-0.702258726899384,0.0,0.11442080378250602,-0.18826405867970547,0.28124999999999994,-0.6676217765042951,0.6443461781427668,-0.6363636363636364,-0.38888888888888895,419985419.3548387
-0.8008213552361396,0.0,0.5342789598108748,-0.4572127139364284,0.28124999999999994,-0.6776504297994251,0.6140240050536953,-0.45454545454545453,-0.11111111111111122,408355533.3333333
-0.8090349075975359,0.0,0.8406619385342791,-0.21271393643031705,0.28124999999999994,-0.7492836676217746,0.42451042324699917,-0.2727272727272727,-0.11111111111111122,454864354.8387097
-0.5544147843942504,0.0,0.20141843971631218,-0.7408312958435187,0.28124999999999994,-0.6103151862464167,0.23499684144030306,-0.09090909090909091,-0.3333333333333333,498158200.0
-0.5215605749486653,0.0,0.28652482269503565,-0.2958435207823943,0.28124999999999994,-0.9570200573065887,0.03790271636133931,0.09090909090909091,0.30555555555555525,532957096.7741935
-0.7515400410677618,0.0,-0.11442080378250585,0.45721271393643104,0.28124999999999994,-1.2048710601719166,0.09349336702463698,0.2727272727272727,0.5277777777777777,550557806.451613
-0.8336755646817249,0.0,-0.2543735224586289,0.2762836185819075,0.28124999999999994,-1.1604584527220616,0.20972836386607702,0.45454545454545453,-0.05555555555555561,549053833.3333334
-0.759753593429158,0.0,0.43593380614657234,0.3594132029339865,0.28124999999999994,-0.4226361031518606,0.10865445356917235,0.6363636363636364,0.08333333333333341,545696451.6129032
-0.6858316221765913,0.0,0.023640661938534285,-0.32518337408312803,0.28124999999999994,0.1160458452722086,0.4750473783954517,0.8181818181818182,-0.16666666666666682,556572100.0
-0.6036960985626283,0.0,-0.6742316784869978,0.7163814180929106,0.28124999999999994,-0.5730659025787942,0.16171825647504748,1.0,-0.2500000000000002,564248741.9354838
-0.4394250513347023,-0.01811594202898619,0.0009456264775413513,0.2029339853300745,0.3125,-0.578796561604583,-0.41692987997473147,-1.0,-0.16666666666666682,555273322.5806452
-0.24229979466119095,-0.01811594202898619,-0.7404255319148938,1.0,0.3125,-1.1217765042979913,-0.07075173720783304,-0.8181818181818182,-0.11111111111111122,540964821.4285715
0.004106776180698151,-0.01811594202898619,-0.09739952718676119,-0.8288508557457189,0.3125,-0.26934097421203357,0.4699936828806061,-0.6363636363636364,-0.44444444444444453,544803032.2580645
0.21765913757700206,-0.01811594202898619,0.26950354609929084,-0.5843520782396067,0.3125,-0.32521489971346423,0.4497789008212252,-0.45454545454545453,-0.36111111111111116,558005533.3333334
0.48049281314168374,-0.01811594202898619,0.24302600472813246,0.2713936430317862,0.3125,-0.6604584527220605,0.40934933670246376,-0.2727272727272727,0.2500000000000002,563669580.6451613
0.7433264887063655,-0.01811594202898619,-0.14846335697399535,0.38386308068459807,0.3125,-0.9742120343839512,0.1945672773215412,-0.09090909090909091,1.6111111111111114,577965033.3333334
0.891170431211499,-0.01811594202898619,-0.18250591016548465,0.07579462102689535,0.3125,-1.104584527220629,0.22994314592545795,0.09090909090909091,1.9166666666666665,597035354.8387097
1.1540041067761806,-0.01811594202898619,-0.30165484633569745,0.7848410757946224,0.3125,-1.3868194842406858,-0.13139608338597583,0.2727272727272727,1.5555555555555558,619585580.6451613
1.3593429158110881,-0.01811594202898619,-0.22600472813238764,0.8728606356968226,0.3125,-1.5458452722063016,0.11623499684144048,0.45454545454545453,1.111111111111111,614449366.6666666
1.46611909650924,-0.01811594202898619,0.1200945626477543,0.5501222493887543,0.3125,-0.8309455587392521,0.22236260265319027,0.6363636363636364,-0.3333333333333333,599453806.451613
1.7207392197125257,-0.01811594202898619,-0.03309692671394796,-0.06601466992664934,0.3125,-0.6948424068767897,0.510423246999368,0.8181818181818182,-0.11111111111111122,594481666.6666666
1.7618069815195072,-0.01811594202898619,-0.2884160756501182,-0.23716381418092689,0.3125,-0.7908309455587362,0.5180037902716361,1.0,0.0,580021806.451613
1.6386036960985626,-0.01811594202898619,-0.9881796690307331,1.8850855745721276,0.43749999999999994,-2.058739255014324,0.12634238787113072,-1.0,0.9166666666666669,554029645.1612903
1.383983572895277,-0.01811594202898619,-0.6628841607565014,0.5501222493887543,0.43749999999999994,-1.6905444126074465,0.8970309538850283,-0.8181818181818182,0.49999999999999983,525531655.1724138
1.0143737166324434,-0.01811594202898619,-0.6174940898345155,-0.08068459657701663,0.43749999999999994,-2.0372492836676184,1.0107391029690458,-0.6363636363636364,0.3611111111111108,500117677.4193549
0.7433264887063655,-0.01811594202898619,0.3016548463356976,0.13447432762836278,0.43749999999999994,-1.405444126074496,0.720151610865445,-0.45454545454545453,-0.138888888888889,474841700.0
0.29158110882956884,-0.01811594202898619,1.1621749408983455,-0.5745721271393625,0.43749999999999994,-0.520057306590257,0.8237523689197722,-0.2727272727272727,-0.16666666666666682,467863193.5483871
0.20123203285420943,-0.01811594202898619,0.45862884160756506,-0.2958435207823943,0.43749999999999994,-0.6647564469914017,0.2779532533164875,-0.09090909090909091,0.2777777777777774,486531533.3333333
0.08624229979466119,-0.01811594202898619,-0.3205673758865248,0.28606356968215174,0.43749999999999994,-0.86103151862464,0.16929879974731515,0.09090909090909091,1.3055555555555556,499495096.7741935
-0.045174537987679675,-0.01811594202898619,-0.7423167848699765,0.7359413202933992,0.43749999999999994,-1.4785100286532933,-0.05306380290587467,0.2727272727272727,1.222222222222222,504866451.6129032
-0.16837782340862423,-0.01811594202898619,-0.5626477541371159,0.6625916870415662,0.43749999999999994,-1.8409742120343822,0.1364497789008214,0.45454545454545453,1.1388888888888886,486848766.6666667
-0.16837782340862423,-0.01811594202898619,-0.019858156028368712,1.156479217603912,0.43749999999999994,-1.1805157593123194,0.300694883133291,0.6363636363636364,0.30555555555555525,470190161.2903226
-0.1437371663244353,-0.01811594202898619,0.12955082742316798,-0.5550122249388739,0.43749999999999994,-0.21346704871060088,0.2779532533164875,0.8181818181818182,-0.138888888888889,481637366.6666667
-0.3901437371663244,-0.01811594202898619,-0.14468085106382977,-0.3300733496332502,0.43749999999999994,-0.5931232091690521,0.7176247631080225,1.0,-0.3333333333333333,492346387.0967742
-0.4476386036960986,-0.01811594202898619,-0.642080378250591,0.7457212713936434,0.43749999999999994,-1.3223495702005708,-0.15413771320277933,-1.0,0.4166666666666664,478472875.0
-0.21765913757700206,-0.01811594202898619,-0.33380614657210406,-0.9706601466992646,0.43749999999999994,-0.6647564469914017,0.7732154137713202,-0.8181818181818182,-0.44444444444444453,453861348.6660087
0.1026694045174538,-0.01811594202898619,0.41702127659574495,-0.7114914425427858,0.43749999999999994,-0.37535816618911017,0.6620341124447252,-0.6363636363636364,-0.3333333333333333,431913246.9590105
-0.004106776180698153,-0.01811594202898619,1.894089834515367,-0.13447432762836106,0.43749999999999994,-0.435530085959884,0.5862286797220466,-0.45454545454545453,-0.22222222222222243,410084325.54677624
-0.004106776180698153,-0.01811594202898619,0.5078014184397164,-0.5501222493887518,0.43749999999999994,-0.3151862464183363,0.4497789008212252,-0.2727272727272727,0.47222222222222204,404057525.22251344
0.004106776180698151,-0.01811594202898619,0.504018912529551,-0.2958435207823943,0.43749999999999994,-0.6604584527220605,0.1440303221730891,-0.09090909090909091,0.9166666666666669,420179937.2385342
-0.06981519507186859,-0.01811594202898619,-0.5796690307328607,0.10513447432762994,0.43749999999999994,-0.9011461318051559,-0.007580543272267682,0.09090909090909091,1.3611111111111112,431375571.8475586
-0.25051334702258726,-0.01811594202898619,-0.2316784869976359,0.3594132029339865,0.43749999999999994,-1.1446991404011448,0.3765003158559696,0.2727272727272727,1.0277777777777775,436014398.6951263
-0.3408624229979466,-0.01811594202898619,-0.4037825059101655,0.34474327628361917,0.43749999999999994,-1.157593123209166,0.3638660770688564,0.45454545454545453,0.8888888888888891,420453907.316438
-0.3572895277207392,-0.01811594202898619,-0.1957446808510639,-0.06601466992664934,0.43749999999999994,-0.5759312320916876,0.37397346809854703,0.6363636363636364,-0.36111111111111116,406067148.63389605
-0.5133470225872689,-0.01811594202898619,-0.5040189125295509,-0.5061124694376508,0.43749999999999994,-0.5673352435530074,0.5938092229943143,0.8181818181818182,-0.44444444444444453,415953221.1842923
-0.4558521560574948,-0.01811594202898619,-0.8425531914893619,0.4034229828850866,0.43749999999999994,-0.4197707736389672,0.14150347441566655,1.0,0.138888888888889,425201780.0626455
0.5708418891170431,0.0,-0.47943262411347526,-0.031784841075793484,-0.5625,0.1446991404011468,-1.0157927984838908,-1.0,1.6111111111111114,
0.48049281314168374,0.0,-0.8368794326241137,-0.13936430317848233,-0.5625,-0.03295128939827932,-0.05306380290587467,-0.8181818181818182,0.8333333333333335,
0.48049281314168374,0.0,-0.008510638297872328,-0.8777506112469421,-0.5625,-0.16475644699140268,0.18698673404927352,-0.6363636363636364,0.8888888888888891,
0.6858316221765913,0.0,0.6004728132387708,-1.4352078239608774,-0.5625,0.554441260744986,-0.012634238787112803,-0.45454545454545453,1.1944444444444444,
0.8583162217659137,0.0,0.06524822695035475,-0.9266503667481644,-0.5625,0.49856733524355534,-0.2804801010739101,-0.2727272727272727,1.0277777777777775,
1.0225872689938398,0.0,0.628841607565012,-1.6405867970660117,-0.5625,0.6676217765042992,-0.47504737839545125,-0.09090909090909091,2.2500000000000004,
1.24435318275154,0.0,0.5059101654846336,-0.8092909535452304,-0.5625,0.36532951289398424,-0.6468730259001895,0.09090909090909091,1.7499999999999998,
1.6303901437371662,0.0,-0.1635933806146571,-1.2689486552567213,-0.5625,0.35100286532951513,-0.20972836386607702,0.2727272727272727,1.7499999999999998,
1.8521560574948668,0.0,-0.3205673758865248,0.5599022004889986,-0.5625,-0.13467048710601476,-0.6620341124447248,0.45454545454545453,1.3333333333333333,
1.9917864476386038,0.0,0.044444444444444516,0.15403422982885134,-0.5625,-0.042979942693407276,-0.17182564750473772,0.6363636363636364,0.611111111111111,
2.2874743326488707,0.0,0.6061465721040192,-0.5452322738386287,-0.5625,0.5487106017191992,-0.14655716993051165,0.8181818181818182,0.05555555555555561,
2.279260780287474,0.0,-0.6912529550827424,-0.3936430317848397,-0.5625,0.24355300859599086,-0.5003158559696778,1.0,1.8055555555555554,
2.2546201232032854,0.0,-1.0676122931442082,1.6797066014669924,-0.6875,-0.6805157593123184,-0.22994314592545795,-1.0,-0.08333333333333341,
1.9753593429158112,0.0,-0.8141843971631207,-0.6528117359413185,-0.6875,-0.7148997134670476,-0.1945672773215412,-0.8181818181818182,1.3055555555555556,
1.4168377823408622,0.0,-0.11442080378250585,-0.638141809290952,-0.6875,-0.361031518624639,0.07580543272267862,-0.6363636363636364,0.6944444444444444,
0.8501026694045174,0.0,1.481796690307329,-1.342298288508555,-0.6875,0.4226361031518647,0.2425773847125712,-0.45454545454545453,-0.2500000000000002,
0.34907597535934287,0.0,0.7347517730496457,-0.9902200488997531,-0.6875,0.5787965616045851,-0.0025268477574225605,-0.2727272727272727,0.6944444444444444,
0.03696098562628337,0.0,0.13522458628841608,-0.9951100244498753,-0.6875,0.42406876790831033,-0.2880606443461782,-0.09090909090909091,1.222222222222222,
-0.3408624229979466,0.0,0.18250591016548465,-1.493887530562345,-0.6875,0.41690544412607583,-0.35628553379658867,0.09090909090909091,1.4166666666666667,
-0.42299794661190965,0.0,0.9919621749408986,-0.3349633251833723,-0.6875,0.2263610315186263,-0.5129500947567905,0.2727272727272727,1.4444444444444446,
-0.42299794661190965,0.0,0.3810874704491728,0.24205378973105163,-0.6875,0.14183381088825336,-0.45735944409349333,0.45454545454545453,0.6666666666666666,
-0.5544147843942504,0.0,0.44917257683215156,0.14914425427873007,-0.6875,0.3180515759312338,-0.22741629816803538,0.6363636363636364,-0.3055555555555555,
-0.5626283367556467,0.0,1.0619385342789602,-0.6283618581907069,-0.6875,0.530085959885389,-0.19709412507896376,0.8181818181818182,-0.7500000000000001,
-0.3162217659137577,0.0,0.025531914893617155,0.017114914425429666,-0.6875,0.5429799426934103,-0.26026531901452915,1.0,-0.027777777777777804,
-0.20123203285420943,0.0,-0.8501182033096927,-0.7799511002444967,-0.6875,0.3037249283667627,-0.555906506632975,-1.0,-0.05555555555555561,
0.06981519507186859,0.0,-0.7366430260047282,0.6479217603911989,-0.6875,-0.361031518624639,-0.10107391029690467,-0.8181818181818182,0.05555555555555561,
0.11909650924024642,0.0,0.7101654846335699,-1.107579462102687,-0.6875,0.35100286532951513,-0.11370814908401747,-0.6363636363636364,0.05555555555555561,
0.2833675564681725,0.0,0.11063829787234045,-0.18337408312958245,-0.6875,0.3395415472779374,-0.05811749842072024,-0.45454545454545453,0.49999999999999983,
0.3983572895277207,0.0,1.7862884160756507,-0.14425427872860533,-0.6875,0.4713467048710608,-0.1945672773215412,-0.2727272727272727,0.2500000000000002,
0.3326488706365503,0.0,0.9919621749408986,-0.794621026894864,-0.6875,0.5687679083094571,-0.40176879343019567,-0.09090909090909091,0.49999999999999983,
0.25051334702258726,0.0,0.08416075650118211,-1.9144254278728579,-0.6875,0.5114613180515767,-0.2880606443461782,0.09090909090909091,1.2777777777777777,
-0.07802874743326489,0.0,0.3735224586288418,0.007334963325185383,-0.6875,0.24212034383954312,-0.28553379658875516,0.2727272727272727,0.5833333333333333,
-0.3080082135523614,0.0,0.008510638297872328,0.36919315403423075,-0.6875,0.08022922636103383,-0.45230574857864775,0.45454545454545453,0.3888888888888886,
-0.406570841889117,0.0,0.974940898345154,-0.30073349633251645,-0.6875,0.2521489971346711,-0.2804801010739101,0.6363636363636364,0.05555555555555561,
-0.7268993839835729,0.0,1.0430260047281326,0.3496332518337422,-0.6875,0.584527220630374,0.0,0.8181818181818182,-0.7500000000000001,
-0.7104722792607803,0.0,-0.7328605200945628,0.026894865525673946,-0.6875,0.2664756446991422,-0.7302590018951357,1.0,-0.16666666666666682,
-0.6529774127310062,0.0,-0.6628841607565014,-0.32518337408312803,-0.65625,0.24928366762177767,-0.26026531901452915,-1.0,0.49999999999999983,
-0.5051334702258726,0.0,-0.952245862884161,-0.520782396088018,-0.65625,-0.578796561604583,-0.19962097283638633,-0.8181818181818182,0.0,
-0.5626283367556467,0.0,-0.3962174940898346,-0.7359413202933965,-0.65625,-0.29226361031518494,-0.23752368919772562,-0.6363636363636364,1.0277777777777775,
-0.3080082135523614,0.0,1.1300236406619388,-2.2127139364303146,-0.65625,0.6375358166189132,0.045483259633606984,-0.45454545454545453,0.05555555555555561,
-0.061601642710472276,0.0,1.3380614657210406,-1.180929095354521,-0.65625,0.6690544412607469,-0.19962097283638633,-0.2727272727272727,0.47222222222222204,
0.0944558521560575,0.0,1.0127659574468086,-1.6210268948655233,-0.65625,0.6948424068767917,-0.37144662034112447,-0.09090909090909091,1.2777777777777777,
0.15195071868583163,0.0,0.8160756501182036,-1.5134474327628336,-0.65625,0.6275071633237833,-0.3234365129500945,0.09090909090909091,1.3611111111111112,
0.12731006160164274,0.0,0.6969267139479907,-0.5843520782396067,-0.65625,0.21060171919770948,-0.8389134554643078,0.2727272727272727,1.6666666666666663,
0.43121149897330596,0.0,0.0104018912529552,-0.051344743276282044,-0.65625,0.03295128939828339,-0.5154769425142132,0.45454545454545453,0.5833333333333333,
0.7926078028747433,0.0,0.6099290780141846,0.09535452322738566,-0.65625,0.24498567335243654,-0.23499684144030306,0.6363636363636364,-0.611111111111111,
0.8008213552361396,0.0,0.09929078014184406,-0.40831295843520615,-0.65625,0.5716332378223505,-0.1566645609602019,0.8181818181818182,-0.44444444444444453,
0.8254620123203285,0.0,-0.878486997635934,0.6821515892420548,-0.65625,0.18194842406876927,-0.555906506632975,1.0,0.8888888888888891,
0.6858316221765913,0.0,-0.9333333333333335,-0.9119804400977971,-0.625,-0.25071633237822133,-0.40429564118761824,-1.0,1.222222222222222,375310870.9677419
0.7186858316221766,0.0,-0.8236406619385344,0.6577017114914432,-0.625,-0.7091690544412587,0.03537586860391675,-0.8181818181818182,0.9722222222222219,349228892.8571429
0.7597535934291582,0.0,0.35839243498817985,-2.163814180929092,-0.625,0.08166189111747953,0.17687934301958327,-0.6363636363636364,0.30555555555555525,322214612.9032258
0.6201232032854209,0.0,0.842553191489362,-1.4254278728606333,-0.625,0.4813753581661908,0.0606443461781428,-0.45454545454545453,-0.05555555555555561,308249466.6666667
0.5544147843942505,0.0,1.6539007092198588,-1.0097799511002425,-0.625,0.5587392550143272,-0.08085912823752374,-0.2727272727272727,0.44444444444444425,307606161.2903226
0.43121149897330596,0.0,0.8085106382978724,-1.5232273838630779,-0.625,0.713467048710604,-0.45735944409349333,-0.09090909090909091,1.4166666666666667,321782800.0
0.3408624229979466,0.0,0.7442080378250592,-0.907090464547675,-0.625,0.5415472779369647,-0.4093493367024633,0.09090909090909091,1.4722222222222223,366243806.4516129
0.08624229979466119,0.0,0.32434988179669033,-1.376528117359411,-0.625,0.34240687679083287,-0.46241313960833846,0.2727272727272727,1.5555555555555558,390054870.9677419
0.06981519507186859,0.0,0.28841607565011834,0.1246943765281185,-0.625,-0.05587392550143068,-0.5407454200884396,0.45454545454545453,0.5833333333333333,399258666.6666667
0.4476386036960986,0.0,0.7234042553191491,-0.33985330073349446,-0.625,0.18767908309455814,-0.21225521162349958,0.6363636363636364,0.2777777777777774,392567870.9677419
0.48870636550308005,0.0,0.8141843971631209,-0.49633251833740644,-0.625,0.7865329512893992,0.10865445356917235,0.8181818181818182,-0.3333333333333333,385040666.6666667
0.5297741273100616,0.0,-0.591016548463357,-0.3985330073349619,-0.625,0.6189111747851009,0.17940619077700584,1.0,0.4166666666666664,381478322.5806451
0.6529774127310062,0.0,-0.9598108747044918,0.33007334963325363,-0.15625000000000006,-0.10171919770773544,-0.603916614024005,-1.0,0.8888888888888891,365105645.1612903
0.4394250513347023,0.0,-0.488888888888889,0.8679706601466995,-0.15625000000000006,-0.6446991404011437,-0.629185091598231,-0.8181818181818182,1.1388888888888886,341265620.6896552
0.48870636550308005,0.0,-0.2884160756501182,-0.19315403422982674,-0.15625000000000006,-0.4541547277936942,-0.4699936828806061,-0.6363636363636364,0.33333333333333304,318710096.7741935
0.406570841889117,0.0,0.38676122931442086,-1.176039119804399,-0.15625000000000006,0.2535816618911188,0.04042956411876187,-0.45454545454545453,0.49999999999999983,300844166.6666667
-0.11909650924024642,0.0,0.6023640661938535,-1.650366748166257,-0.15625000000000006,0.5386819484240692,-0.12634238787113072,-0.2727272727272727,1.083333333333333,290141870.9677419
-0.21765913757700206,0.0,1.7560283687943268,-0.47677261613691785,-0.15625000000000006,0.5472779369627515,-0.4497789008212252,-0.09090909090909091,1.25,294335733.3333333
-0.19301848049281312,0.0,1.0014184397163124,-0.946210268948653,-0.15625000000000006,0.49283667621776645,-0.4144030322173089,0.09090909090909091,0.9999999999999997,323125516.1290323
-0.43121149897330596,0.0,-0.04444444444444435,-1.1173594132029314,-0.15625000000000006,0.3051575931232104,-0.4674668351231836,0.2727272727272727,0.6666666666666666,336433612.9032258
-0.6365503080082136,0.0,0.18061465721040196,0.2176039119804418,-0.15625000000000006,-0.01575931232091478,-0.3613392293114338,0.45454545454545453,0.3611111111111108,328335333.3333333
-0.973305954825462,0.0,-0.8066193853427898,0.03667481662591823,-0.15625000000000006,-0.4197707736389672,-0.44725205306380267,0.6363636363636364,0.16666666666666682,314703548.3870968
-1.104722792607803,0.0,-0.7933806146572107,-0.5892420537897297,-0.15625000000000006,0.09025787965616179,0.11118130132659491,0.8181818181818182,-0.9166666666666669,321075166.6666667
-0.8501026694045175,0.0,-0.4775413711583925,0.25672371638141894,-0.15625000000000006,-0.2578796561604559,-0.2476310802274163,1.0,0.027777777777777804,333583677.4193549
-0.6611909650924024,0.0,-0.47943262411347526,0.45721271393643104,-0.21875000000000006,-0.30515759312320834,-0.624131396083386,-1.0,0.6944444444444444,318859483.8709677
-0.6858316221765913,0.0,-0.3621749408983452,-0.6968215158924186,-0.21875000000000006,-0.19770773638968406,0.0,-0.8181818181818182,0.16666666666666682,300381750.0
-0.5544147843942504,0.0,-0.30165484633569745,-1.772616136919313,-0.21875000000000006,0.0042979942693431705,-0.26531901452937423,-0.6363636363636364,0.08333333333333341,294729838.7096774
-0.48049281314168374,0.0,0.014184397163120603,-0.1002444987775052,-0.21875000000000006,0.3209169054441272,-0.08843967150979141,-0.45454545454545453,0.9166666666666669,296661366.6666667
-0.27515400410677615,0.0,-1.0165484633569741,-1.220048899755499,-0.21875000000000006,0.2134670487106029,-0.18445988629185095,-0.2727272727272727,1.111111111111111,321908612.9032258
-0.16837782340862423,0.0,-0.1371158392434988,-0.36919315403422814,-0.21875000000000006,0.17048710601719358,-0.581174984207201,-0.09090909090909091,1.2777777777777777,359512233.3333333
-0.2669404517453799,0.0,-0.8406619385342792,-1.5574572127139337,-0.21875000000000006,0.10458452722063293,-0.48515476942514196,0.09090909090909091,2.3333333333333335,393645387.0967742
-0.3819301848049281,0.0,-0.8141843971631207,-0.6870415647921743,-0.21875000000000006,-0.4140401146131783,-0.4068224889450408,0.2727272727272727,1.4722222222222223,434575580.6451613
-0.41478439425051333,0.0,-0.3319148936170213,0.02200488997555094,-0.21875000000000006,-0.5945558739254999,-0.4725205306380287,0.45454545454545453,1.3333333333333333,456232800.0
-0.7186858316221766,0.0,-0.3886524822695036,0.08557457212714138,-0.21875000000000006,-0.02435530085959705,-0.010107391029690242,0.6363636363636364,0.5555555555555555,461579258.0645161
-0.7186858316221766,0.0,-0.591016548463357,0.18337408312958595,-0.21875000000000006,-0.011461318051573645,0.015161086544535813,0.8181818181818182,0.22222222222222243,481237600.0
-0.7761806981519507,0.0,-0.8898345153664304,0.2665036674816632,-0.21875000000000006,-0.4942693409742101,0.13139608338597583,1.0,0.5277777777777777,474543580.6451613
-0.6201232032854209,0.0,-0.8425531914893619,0.04645476772616251,-0.4375,-1.3338108882521464,-0.1288692356285533,-1.0,0.3888888888888886,453196074.1935484
-0.595482546201232,0.0,-0.30165484633569745,-1.2347188264058653,-0.4375,-0.7650429799426914,-0.0833859759949463,-0.8181818181818182,0.5555555555555555,432436285.7142857
-0.702258726899384,0.0,0.25059101654846344,-1.0488997555012205,-0.4375,0.2693409742120356,0.12381554011370816,-0.6363636363636364,0.30555555555555525,419985419.3548387
-0.8008213552361396,0.0,1.0165484633569744,-1.303178484107577,-0.4375,0.32664756446991605,-0.16929879974731515,-0.45454545454545453,0.3888888888888886,408355533.3333333
-0.8090349075975359,0.0,2.266666666666667,-0.8777506112469421,-0.4375,0.6160458452722076,-0.17435249526216026,-0.2727272727272727,0.8055555555555557,454864354.8387097
-0.5544147843942504,0.0,0.8349881796690309,-1.0440097799510983,-0.4375,0.5873925501432674,-0.42956411876184425,-0.09090909090909091,0.5833333333333333,498158200.0
-0.5215605749486653,0.0,1.3513002364066198,-0.7701711491442524,-0.4375,0.5272206303724936,-0.37397346809854703,0.09090909090909091,1.083333333333333,532957096.7741935
-0.7515400410677618,0.0,0.5304964539007094,-0.18826405867970547,-0.4375,0.36676217765043195,-0.5912823752368918,0.2727272727272727,1.0555555555555554,550557806.451613
-0.8336755646817249,0.0,0.21654846335697414,-0.30073349633251645,-0.4375,0.025787965616046807,-0.21478205938092212,0.45454545454545453,0.611111111111111,549053833.3333334
-0.759753593429158,0.0,0.6174940898345155,-0.012224938875304918,-0.4375,0.3080229226361038,-0.3411244472520529,0.6363636363636364,-0.16666666666666682,545696451.6129032
-0.6858316221765913,0.0,0.1560283687943263,-0.907090464547675,-0.4375,0.6733524355300881,0.09602021478205955,0.8181818181818182,-0.6666666666666666,556572100.0
-0.6036960985626283,0.0,-0.4643026004728133,0.9755501222493884,-0.4375,0.3452722063037263,-0.7706885660138971,1.0,0.05555555555555561,564248741.9354838
-0.4394250513347023,-8.891304347826086,0.39432624113475184,0.03667481662591823,-0.25000000000000006,0.36819484240687766,-1.0056854074542003,-1.0,0.19444444444444461,555273322.5806452
-0.24229979466119095,-8.891304347826086,-0.7744680851063831,1.1760391198044005,-0.25000000000000006,-0.09312320916905317,-0.8793430195830697,-0.8181818181818182,1.083333333333333,540964821.4285715
0.004106776180698151,-8.891304347826086,-0.10118203309692676,-2.0220048899755474,-0.25000000000000006,0.2808022922636113,0.1819330385344284,-0.6363636363636364,0.027777777777777804,544803032.2580645
0.21765913757700206,-8.891304347826086,0.8747044917257687,-1.5819070904645451,-0.25000000000000006,0.5716332378223505,-0.11623499684144004,-0.45454545454545453,0.05555555555555561,558005533.3333334
0.48049281314168374,-8.891304347826086,1.3399527186761233,-0.7066014669926628,-0.25000000000000006,0.5630372492836683,-0.07075173720783304,-0.2727272727272727,0.9166666666666669,563669580.6451613
0.7433264887063655,-8.891304347826086,0.9219858156028372,-0.5941320293398519,-0.25000000000000006,0.5128939828080245,-0.35123183828174354,-0.09090909090909091,1.8333333333333333,577965033.3333334
0.891170431211499,-8.891304347826086,0.6477541371158394,-1.0146699266503647,-0.25000000000000006,0.6432664756447001,-0.20720151610865445,0.09090909090909091,2.2222222222222223,597035354.8387097
1.1540041067761806,-8.891304347826086,0.22222222222222224,0.2762836185819075,-0.25000000000000006,0.15186246418338337,-0.5508528111181299,0.2727272727272727,1.3333333333333333,619585580.6451613
1.3593429158110881,-8.891304347826086,0.305437352245863,0.5501222493887543,-0.25000000000000006,0.03868194842407021,-0.11623499684144004,0.45454545454545453,1.1388888888888886,614449366.6666666
1.46611909650924,-8.891304347826086,0.6326241134751774,0.3545232273838635,-0.25000000000000006,0.0014326647564477236,-0.2804801010739101,0.6363636363636364,-0.22222222222222243,599453806.451613
1.7207392197125257,-8.891304347826086,0.4094562647754138,-0.2811735941320279,-0.25000000000000006,0.4312320916905449,0.0025268477574225605,0.8181818181818182,0.3888888888888886,594481666.6666666
1.7618069815195072,-8.891304347826086,0.32624113475177324,-0.559902200488996,-0.25000000000000006,0.6719197707736403,-0.10612760581174979,1.0,0.2500000000000002,580021806.451613
1.6386036960985626,-0.027777777777778255,-1.0638297872340428,2.0464547677261606,0.43749999999999994,-0.29083094555873723,-0.42451042324699917,-1.0,1.1388888888888886,554029645.1612903
1.383983572895277,-0.027777777777778255,-0.6780141843971633,-0.32029339853300587,0.43749999999999994,-0.24498567335243449,0.13139608338597583,-0.8181818181818182,0.8055555555555557,525531655.1724138
1.0143737166324434,-0.027777777777778255,-0.4113475177304965,-1.0684596577017091,0.43749999999999994,-0.10888252148996998,-0.06317119393556536,-0.6363636363636364,0.7777777777777779,500117677.4193549
0.7433264887063655,-0.027777777777778255,0.305437352245863,-0.11980440097799376,0.43749999999999994,0.0759312320916927,-0.07075173720783304,-0.45454545454545453,0.8611111111111113,474841700.0
0.29158110882956884,-0.027777777777778255,2.102127659574469,-1.107579462102687,0.43749999999999994,0.6604584527220646,0.24510423246999377,-0.2727272727272727,0.9999999999999997,467863193.5483871
0.20123203285420943,-0.027777777777778255,0.7820330969267143,-0.520782396088018,0.43749999999999994,0.6704871060171925,-0.21983575489576726,-0.09090909090909091,1.1666666666666665,486531533.3333333
0.08624229979466119,-0.027777777777778255,0.05957446808510647,-1.4889975550122228,0.43749999999999994,0.6661891117478514,-0.5281111813013264,0.09090909090909091,1.8333333333333333,499495096.7741935
-0.045174537987679675,-0.027777777777778255,-0.4510638297872341,-0.1638141809290939,0.43749999999999994,0.10601719197707861,-0.43461781427668983,0.2727272727272727,1.4166666666666667,504866451.6129032
-0.16837782340862423,-0.027777777777778255,-0.5078014184397164,0.1393643031784858,0.43749999999999994,-0.2851002865329504,-0.08591282375236886,0.45454545454545453,1.3333333333333333,486848766.6666667
-0.16837782340862423,-0.027777777777778255,0.4869976359338063,0.9364303178484112,0.43749999999999994,0.05730659025788044,-0.1945672773215412,0.6363636363636364,0.611111111111111,470190161.2903226
-0.1437371663244353,-0.027777777777778255,0.519148936170213,-0.7457212713936409,0.43749999999999994,0.5372492836676235,-0.3891345546430824,0.8181818181818182,-0.3055555555555555,481637366.6666667
-0.3901437371663244,-0.027777777777778255,0.17872340425531924,-0.4229828850855726,0.43749999999999994,0.554441260744986,-0.15161086544535676,1.0,0.2500000000000002,492346387.0967742
-0.4476386036960986,-0.027777777777778255,-0.39054373522458635,0.28606356968215174,0.43749999999999994,0.19484240687679266,-0.5230574857864813,-1.0,0.9444444444444448,478472875.0
-0.21765913757700206,-0.027777777777778255,-0.5872340425531916,-1.0293398533007312,0.43749999999999994,0.11318051575931315,0.17435249526216026,-0.8181818181818182,0.7222222222222223,453861348.6660087
0.1026694045174538,-0.027777777777778255,0.47186761229314433,-1.2004889975550104,0.43749999999999994,0.46131805157593286,-0.1819330385344284,-0.6363636363636364,0.47222222222222204,431913246.9590105
-0.004106776180698153,-0.027777777777778255,2.223167848699765,-0.6283618581907069,0.43749999999999994,0.6805157593123226,-0.22488945041061284,-0.45454545454545453,0.5555555555555555,410084325.54677624
-0.004106776180698153,-0.027777777777778255,1.6728132387706858,-0.8288508557457189,0.43749999999999994,0.8538681948424075,-0.06317119393556536,-0.2727272727272727,1.3333333333333333,404057525.22251344
0.004106776180698151,-0.027777777777778255,1.8789598108747048,-1.2347188264058653,0.43749999999999994,0.8237822349570216,-0.5660138976626656,-0.09090909090909091,1.6944444444444442,420179937.2385342
-0.06981519507186859,-0.027777777777778255,0.27517730496453907,-1.4205378973105112,0.43749999999999994,0.7535816618911177,-0.3057485786481361,0.09090909090909091,2.166666666666667,431375571.8475586
-0.25051334702258726,-0.027777777777778255,0.7196217494089837,-0.5110024449877737,0.43749999999999994,0.6991404011461327,-0.37144662034112447,0.2727272727272727,1.861111111111111,436014398.6951263
-0.3408624229979466,-0.027777777777778255,0.09172576832151308,-0.21271393643031705,0.43749999999999994,0.5487106017191992,-0.16929879974731515,0.45454545454545453,1.6111111111111114,420453907.316438
-0.3572895277207392,-0.027777777777778255,0.2373522458628842,-0.47188264058679574,0.43749999999999994,0.6518624641833823,-0.22994314592545795,0.6363636363636364,0.6944444444444444,406067148.63389605
-0.5133470225872689,-0.027777777777778255,-0.19007092198581563,-0.716381418092908,0.43749999999999994,0.6232091690544421,0.017687934301958374,0.8181818181818182,0.5277777777777777,415953221.1842923
-0.4558521560574948,-0.027777777777778255,-0.7593380614657211,0.03667481662591823,0.43749999999999994,0.3954154727793701,-0.42956411876184425,1.0,-0.027777777777777804,425201780.0626455
0.5708418891170431,0.12077294685990336,-0.481323877068558,1.4303178484107588,-0.5625,-0.37106017191976903,0.09349336702463698,-1.0,0.027777777777777804,
0.48049281314168374,0.12077294685990336,-0.812293144208038,1.5916870415647921,-0.5625,-0.6432664756446981,0.8237523689197722,-0.8181818181818182,-0.16666666666666682,
0.48049281314168374,0.12077294685990336,-0.06524822695035458,1.2102689486552565,-0.5625,-0.7908309455587362,0.9172457359444093,-0.6363636363636364,-0.05555555555555561,
0.6858316221765913,0.12077294685990336,0.5985815602836881,-0.08068459657701663,-0.5625,0.35386819484240856,0.9096651926721411,-0.45454545454545453,0.05555555555555561,
0.8583162217659137,0.12077294685990336,0.1522458628841609,0.17848410757946293,-0.5625,0.4226361031518647,0.8540745420088439,-0.2727272727272727,-0.3055555555555555,
1.0225872689938398,0.12077294685990336,0.6723404255319152,-0.8924205378973086,-0.5625,0.6031518624641842,0.5180037902716361,-0.09090909090909091,-0.44444444444444453,
1.24435318275154,0.12077294685990336,0.5607565011820334,0.03178484107579522,-0.5625,0.3295128939828095,0.19709412507896376,0.09090909090909091,-0.4722222222222224,
1.6303901437371662,0.12077294685990336,-0.09550827423167849,-0.40831295843520615,-0.5625,0.2693409742120356,0.6847757422615287,0.2727272727272727,-0.4722222222222224,
1.8521560574948668,0.12077294685990336,-0.2865248226950355,1.8997555012224931,-0.5625,-0.2607449856733513,0.47757422615287426,0.45454545454545453,-0.4722222222222224,
1.9917864476386038,0.12077294685990336,0.05957446808510647,1.1075794621026906,-0.5625,-0.28080229226360925,0.6013897662665825,0.6363636363636364,-0.5833333333333336,
2.2874743326488707,0.12077294685990336,0.59290780141844,0.38386308068459807,-0.5625,0.49856733524355534,0.6190777005685408,0.8181818181818182,-0.4722222222222224,
2.279260780287474,0.12077294685990336,-0.6780141843971633,0.9022004889975554,-0.5625,-0.09885386819483999,0.4952621604548326,1.0,-0.36111111111111116,
2.2546201232032854,0.12077294685990336,-1.0562647754137118,2.8533007334963307,-0.6875,-1.782234957020054,0.6468730259001895,-1.0,-0.44444444444444453,
1.9753593429158112,0.12077294685990336,-0.812293144208038,1.1955990220048909,-0.6875,-1.9871060171919745,0.7100442198357548,-0.8181818181818182,-0.08333333333333341,
1.4168377823408622,0.12077294685990336,-0.1673758865248227,0.45721271393643104,-0.6875,-1.2550143266475624,1.367024636765635,-0.6363636363636364,0.027777777777777804,
0.8501026694045174,0.12077294685990336,1.408037825059102,-0.2518337408312942,-0.6875,0.35530085959885627,0.9551484523057481,-0.45454545454545453,-0.41666666666666674,
0.34907597535934287,0.12077294685990336,0.8293144208037828,-0.4278728606356956,-0.6875,0.5085959885386833,0.8970309538850283,-0.2727272727272727,-0.527777777777778,
0.03696098562628337,0.12077294685990336,0.21276595744680857,-0.30073349633251645,-0.6875,0.41833810888252354,0.40934933670246376,-0.09090909090909091,-0.5833333333333336,
-0.3408624229979466,0.12077294685990336,0.25437352245862904,-0.833740831295842,-0.6875,0.3882521489971356,0.5407454200884396,0.09090909090909091,-0.5833333333333336,
-0.42299794661190965,0.12077294685990336,1.033569739952719,0.8777506112469439,-0.6875,0.09598853868195065,0.4447252053063801,0.2727272727272727,-0.5833333333333336,
-0.42299794661190965,0.12077294685990336,0.4094562647754138,1.4987775061124688,-0.6875,0.11318051575931315,0.35628553379658867,0.45454545454545453,-0.5555555555555558,
-0.5544147843942504,0.12077294685990336,0.46808510638297895,0.8924205378973111,-0.6875,0.2951289398280824,0.7782691092861652,0.6363636363636364,-0.5833333333333336,
-0.5626283367556467,0.12077294685990336,1.078959810874705,0.28606356968215174,-0.6875,0.5214899713467067,0.6089703095388501,0.8181818181818182,-0.611111111111111,
-0.3162217659137577,0.12077294685990336,-0.0595744680851063,1.127139364303179,-0.6875,0.530085959885389,0.5205306380290587,1.0,-0.36111111111111116,
-0.20123203285420943,0.12077294685990336,-0.8614657210401893,0.9462102689486556,-0.625,0.1446991404011468,0.3411244472520529,-1.0,-0.36111111111111116,
0.06981519507186859,0.12077294685990336,-0.7536643026004729,2.1980440097799496,-0.625,-1.1002865329512876,0.4902084649399871,-0.8181818181818182,-0.138888888888889,
0.11909650924024642,0.12077294685990336,0.6401891252955085,0.45721271393643104,-0.625,-0.057306590257878404,0.720151610865445,-0.6363636363636364,0.027777777777777804,
0.2833675564681725,0.12077294685990336,0.09361702127659578,0.9119804400977998,-0.625,0.08022922636103383,0.8010107391029687,-0.45454545454545453,-0.2500000000000002,
0.3983572895277207,0.12077294685990336,1.7106382978723411,0.4669926650366753,-0.625,0.48567335243553195,0.4977890082122552,-0.2727272727272727,-0.44444444444444453,
0.3326488706365503,0.12077294685990336,1.048699763593381,-0.34474327628361745,-0.625,0.5630372492836683,0.44725205306380267,-0.09090909090909091,-0.5833333333333336,
0.25051334702258726,0.12077294685990336,0.17683215130023655,-1.185819070904643,-0.625,0.5429799426934103,0.3992419456727731,0.09090909090909091,-0.5000000000000001,
-0.07802874743326489,0.12077294685990336,0.4340425531914896,0.7946210268948666,-0.625,0.28366762177650673,0.40934933670246376,0.2727272727272727,-0.527777777777778,
-0.3080082135523614,0.12077294685990336,0.1257683215130024,1.117359413202935,-0.625,0.16475644699140474,0.6342387871130761,0.45454545454545453,-0.527777777777778,
-0.406570841889117,0.12077294685990336,1.0165484633569744,0.9168704156479227,-0.625,0.23782234957020199,0.5887555274794691,0.6363636363636364,-0.7222222222222223,
-0.7268993839835729,0.12077294685990336,0.9352245862884162,1.3031784841075797,-0.625,0.6590257879656168,0.9324068224889446,0.8181818181818182,-0.5000000000000001,
-0.7104722792607803,0.12077294685990336,-0.7404255319148938,1.821515892420537,-0.625,0.1432664756447011,0.303221730890714,1.0,-0.3333333333333333,
-0.6529774127310062,0.12077294685990336,-0.6685579196217495,1.39119804400978,-0.09375000000000008,-0.12034383954154566,0.7075173720783322,-1.0,-0.22222222222222243,
-0.5051334702258726,0.12077294685990336,-1.039243498817967,2.3105134474327618,-0.09375000000000008,-1.6604584527220605,0.5559065066329755,-0.8181818181818182,-0.27777777777777773,
-0.5626283367556467,0.12077294685990336,-0.3092198581560284,0.687041564792176,-0.09375000000000008,-1.1375358166189082,0.8869235628553376,-0.6363636363636364,-0.138888888888889,
-0.3080082135523614,0.12077294685990336,1.099763593380615,-1.2444987775061105,-0.09375000000000008,0.4899713467048731,0.8414403032217306,-0.45454545454545453,-0.16666666666666682,
-0.061601642710472276,0.12077294685990336,1.3418439716312058,-0.2665036674816615,-0.09375000000000008,0.6919770773638982,0.6898294377763738,-0.2727272727272727,-0.2500000000000002,
0.0944558521560575,0.12077294685990336,1.0014184397163124,-1.3618581907090437,-0.09375000000000008,0.6389684813753589,0.4497789008212252,-0.09090909090909091,-0.527777777777778,
0.15195071868583163,0.12077294685990336,0.8614657210401895,-0.985330073349631,-0.09375000000000008,0.5902578796561607,0.39671509791535053,0.09090909090909091,-0.527777777777778,
0.12731006160164274,0.12077294685990336,0.7347517730496457,0.535452322738387,-0.09375000000000008,0.12320916905444315,0.24005053695514864,0.2727272727272727,-0.5833333333333336,
0.43121149897330596,0.12077294685990336,0.06146572104018917,1.004889975550123,-0.09375000000000008,-0.03724928366762045,0.37902716361339217,0.45454545454545453,-0.611111111111111,
0.7926078028747433,0.12077294685990336,0.6780141843971633,1.2053789731051352,-0.09375000000000008,0.27363896848137675,0.49273531269741006,0.6363636363636364,-0.5555555555555558,
0.8008213552361396,0.12077294685990336,0.0860520094562648,0.7897310513447436,-0.09375000000000008,0.6074498567335254,0.7378395451674034,0.8181818181818182,-0.527777777777778,
0.8254620123203285,0.12077294685990336,-0.8917257683215132,2.2371638141809287,-0.09375000000000008,-0.15329512893982702,0.5053695514845229,1.0,-0.22222222222222243,
0.6858316221765913,0.12077294685990336,-0.9541371158392437,1.1907090464547678,0.12499999999999997,-1.0659025787965586,0.6670878079595703,-1.0,-0.19444444444444461,375310870.9677419
0.7186858316221766,0.12077294685990336,-0.863356973995272,2.442542787286062,0.12499999999999997,-1.846704871060169,0.9020846493998734,-0.8181818181818182,-0.08333333333333341,349228892.8571429
0.7597535934291582,0.12077294685990336,0.2732860520094564,-0.7848410757946188,0.12499999999999997,-0.4770773638968456,0.9753632343651291,-0.6363636363636364,-0.19444444444444461,322214612.9032258
0.6201232032854209,0.12077294685990336,0.8122931442080382,-0.18337408312958245,0.12499999999999997,0.2765042979942702,0.9652558433354388,-0.45454545454545453,-0.27777777777777773,308249466.6666667
0.5544147843942505,0.12077294685990336,1.6387706855791964,-0.19315403422982674,0.12499999999999997,0.520057306590259,0.9551484523057481,-0.2727272727272727,-0.3333333333333333,307606161.2903226
0.43121149897330596,0.12077294685990336,0.9276595744680853,-0.9657701711491424,0.12499999999999997,0.7020057306590262,0.4902084649399871,-0.09090909090909091,-0.3333333333333333,321782800.0
0.3408624229979466,0.12077294685990336,0.8217494089834517,-0.32029339853300587,0.12499999999999997,0.45128939828080283,0.6165508528111178,0.09090909090909091,-0.41666666666666674,366243806.4516129
0.08624229979466119,0.12077294685990336,0.39054373522458646,-0.2322738386308056,0.12499999999999997,0.2650429799426945,0.5028427037271003,0.2727272727272727,-0.44444444444444453,390054870.9677419
0.06981519507186859,0.12077294685990336,0.34704491725768327,1.234718826405868,0.12499999999999997,-0.13180515759312134,0.4371446620341124,0.45454545454545453,-0.5000000000000001,399258666.6666667
0.4476386036960986,0.12077294685990336,0.7234042553191491,0.530562347188264,0.12499999999999997,0.16905444126074587,0.4725205306380291,0.6363636363636364,-0.38888888888888895,392567870.9677419
0.48870636550308005,0.12077294685990336,0.8349881796690309,0.7066014669926663,0.12499999999999997,0.7464183381088833,1.0082122552116233,0.8181818181818182,-0.4722222222222224,385040666.6666667
0.5297741273100616,0.12077294685990336,-0.5721040189125297,0.8826405867970669,0.12499999999999997,0.5573065902578814,0.9753632343651291,1.0,-0.3055555555555555,381478322.5806451
0.6529774127310062,0.12077294685990336,-0.8973995271867613,1.7872860635696812,-0.28125,-0.7378223495701989,0.23752368919772562,-1.0,-0.19444444444444461,365105645.1612903
0.4394250513347023,0.12077294685990336,-0.6269503546099292,2.5012224938875294,-0.28125,-1.6303724928366747,0.5180037902716361,-0.8181818181818182,-0.08333333333333341,341265620.6896552
0.48870636550308005,0.12077294685990336,-0.14657210401891246,1.317848410757947,-0.28125,-1.21776504297994,0.5508528111181299,-0.6363636363636364,-0.138888888888889,318710096.7741935
0.406570841889117,0.12077294685990336,0.4397163120567377,0.30073349633251906,-0.28125,0.05444126074498703,0.6721415034744155,-0.45454545454545453,-0.11111111111111122,300844166.6666667
-0.11909650924024642,0.12077294685990336,0.6534278959810879,-0.34474327628361745,-0.28125,0.5343839541547301,0.7428932406822485,-0.2727272727272727,-0.38888888888888895,290141870.9677419
-0.21765913757700206,0.12077294685990336,1.5858156028368802,0.32029339853300764,-0.28125,0.4484240687679094,0.34870499052432097,-0.09090909090909091,-0.19444444444444461,294335733.3333333
-0.19301848049281312,0.12077294685990336,0.9182033096926715,-0.2909535452322722,-0.28125,0.3896848137535833,0.4144030322173089,0.09090909090909091,-0.41666666666666674,323125516.1290323
-0.43121149897330596,0.12077294685990336,-0.023640661938534285,-0.4180929095354504,-0.28125,0.2693409742120356,0.38155401137081474,0.2727272727272727,-0.4722222222222224,336433612.9032258
-0.6365503080082136,0.12077294685990336,0.18628841607565022,1.161369193154035,-0.28125,-0.021489971346703638,0.41945672773215403,0.45454545454545453,-0.527777777777778,328335333.3333333
-0.973305954825462,0.12077294685990336,-0.8425531914893619,1.2542787286063566,-0.28125,-0.7005730659025764,0.4219835754895766,0.6363636363636364,-0.6388888888888888,314703548.3870968
-1.104722792607803,0.12077294685990336,-0.9182033096926715,-0.041564792176037764,-0.28125,-0.6045845272206278,0.9955780164245099,0.8181818181818182,-0.611111111111111,321075166.6666667
-0.8501026694045175,0.12077294685990336,-0.6307328605200947,1.3765281173594126,-0.28125,-1.0315186246418315,0.8060644346178139,1.0,-0.3333333333333333,333583677.4193549
-0.6611909650924024,0.12077294685990336,-0.5210401891252956,1.5819070904645478,-0.21875000000000006,-0.8567335243552989,0.44725205306380267,-1.0,-0.3333333333333333,318859483.8709677
-0.6858316221765913,0.12077294685990336,-0.3092198581560284,1.4889975550122245,-0.21875000000000006,-0.8223495702005719,0.740366392924826,-0.8181818181818182,-0.36111111111111116,300381750.0
-0.5544147843942504,0.12077294685990336,-0.39432624113475184,-0.07579462102689362,-0.21875000000000006,-0.48567335243552784,0.6519267214150345,-0.6363636363636364,-0.05555555555555561,294729838.7096774
-0.48049281314168374,0.12077294685990336,-0.09929078014184389,0.7506112469437665,-0.21875000000000006,0.041547277936963625,0.624131396083386,-0.45454545454545453,0.138888888888889,296661366.6666667
-0.27515400410677615,0.12077294685990336,-1.1054373522458631,-0.4229828850855726,-0.21875000000000006,-0.4684813753581633,0.7580543272267843,-0.2727272727272727,0.05555555555555561,321908612.9032258
-0.16837782340862423,0.12077294685990336,-0.8066193853427898,-0.06112469437652633,-0.21875000000000006,-1.088825214899712,0.4750473783954517,-0.09090909090909091,0.2500000000000002,359512233.3333333
-0.2669404517453799,0.12077294685990336,-1.0505910165484635,-0.9804400977995088,-0.21875000000000006,-1.306590257879654,0.4497789008212252,0.09090909090909091,0.5833333333333333,393645387.0967742
-0.3819301848049281,0.12077294685990336,-1.0751773049645392,0.0611246943765298,-0.21875000000000006,-2.1361031518624602,0.6873025900189513,0.2727272727272727,0.6388888888888888,434575580.6451613
-0.41478439425051333,0.12077294685990336,-0.7877068557919623,0.8777506112469439,-0.21875000000000006,-2.103151862464181,0.5887555274794691,0.45454545454545453,0.5277777777777777,456232800.0
-0.7186858316221766,0.12077294685990336,-0.6685579196217495,0.7017114914425433,-0.21875000000000006,-0.9842406876790811,0.9172457359444093,0.6363636363636364,0.5277777777777777,461579258.0645161
-0.7186858316221766,0.12077294685990336,-0.7669030732860521,2.1051344743276283,-0.21875000000000006,-1.2435530085959867,1.0536955148452303,0.8181818181818182,0.30555555555555525,481237600.0
-0.7761806981519507,0.12077294685990336,-0.8255319148936172,1.6601466992665037,-0.21875000000000006,-1.6303724928366747,1.0056854074542005,1.0,0.08333333333333341,474543580.6451613
-0.6201232032854209,0.12077294685990336,-0.8671394799054376,1.5916870415647921,-0.40625000000000006,-2.916905444126071,0.8616550852811116,-1.0,0.027777777777777804,453196074.1935484
-0.595482546201232,0.12077294685990336,-0.32245862884160764,0.38386308068459807,-0.40625000000000006,-1.8280802292263587,0.977890082122552,-0.8181818181818182,0.11111111111111122,432436285.7142857
-0.702258726899384,0.12077294685990336,0.24302600472813246,0.3496332518337422,-0.40625000000000006,0.044412607449859066,0.9627289955780162,-0.6363636363636364,0.05555555555555561,419985419.3548387
-0.8008213552361396,0.12077294685990336,1.1470449172576835,0.11002444987775122,-0.40625000000000006,0.2005730659025795,0.8439671509791532,-0.45454545454545453,-0.16666666666666682,408355533.3333333
-0.8090349075975359,0.12077294685990336,2.359338061465722,-0.4229828850855726,-0.40625000000000006,0.6060171919770796,0.6569804169298796,-0.2727272727272727,-0.3055555555555555,454864354.8387097
-0.5544147843942504,0.12077294685990336,0.9049645390070926,-1.1222493887530545,-0.40625000000000006,0.6275071633237833,0.39671509791535053,-0.09090909090909091,-0.3055555555555555,498158200.0
-0.5215605749486653,0.12077294685990336,1.4193853427895984,-0.07090464547677061,-0.40625000000000006,0.4770773638968497,0.558433354390398,0.09090909090909091,-0.38888888888888895,532957096.7741935
-0.7515400410677618,0.12077294685990336,0.7177304964539011,0.6772616136919317,-0.40625000000000006,0.22206303724928517,0.37397346809854703,0.2727272727272727,-0.41666666666666674,550557806.451613
-0.8336755646817249,0.12077294685990336,0.36217494089834523,0.4865525672371639,-0.40625000000000006,0.08309455587392725,0.4523057485786482,0.45454545454545453,-0.44444444444444453,549053833.3333334
-0.759753593429158,0.12077294685990336,0.6477541371158394,0.9804400977995115,-0.40625000000000006,0.3223495702005749,0.37397346809854703,0.6363636363636364,-0.3333333333333333,545696451.6129032
-0.6858316221765913,0.12077294685990336,0.17115839243498826,-0.041564792176037764,-0.40625000000000006,0.7893982808022926,0.6797220467466831,0.8181818181818182,-0.4722222222222224,556572100.0
-0.6036960985626283,0.12077294685990336,-0.4113475177304965,2.0611246943765282,-0.40625000000000006,0.12750716332378428,0.09349336702463698,1.0,-0.27777777777777773,564248741.9354838
-0.4394250513347023,-5.387681159420289,0.32434988179669033,1.5770171149144248,0.09374999999999994,0.01575931232091885,0.05811749842072024,-1.0,-0.16666666666666682,555273322.5806452
-0.24229979466119095,-5.387681159420289,-0.7725768321513005,2.3007334963325174,0.09374999999999994,-0.8653295128939812,0.23499684144030306,-0.8181818181818182,0.0,540964821.4285715
0.004106776180698151,-5.387681159420289,-0.11820330969267143,0.10513447432762994,0.09374999999999994,-0.24212034383953904,0.8894504106127602,-0.6363636363636364,-0.138888888888889,544803032.2580645
0.21765913757700206,-5.387681159420289,0.9068557919621754,-0.3985330073349619,0.09374999999999994,0.4484240687679094,0.8186986734049271,-0.45454545454545453,-0.19444444444444461,558005533.3333334
0.48049281314168374,-5.387681159420289,1.4288416075650123,-0.01711491442542619,0.09374999999999994,0.4842406876790842,0.7580543272267843,-0.2727272727272727,-0.2500000000000002,563669580.6451613
0.7433264887063655,-5.387681159420289,1.0827423167848704,-0.23716381418092689,0.09374999999999994,0.4484240687679094,0.35628553379658867,-0.09090909090909091,-0.44444444444444453,577965033.3333334
0.891170431211499,-5.387681159420289,0.7234042553191491,-0.01711491442542619,0.09374999999999994,0.5315186246418346,0.6645609602021478,0.09090909090909091,-0.3333333333333333,597035354.8387097
1.1540041067761806,-5.387681159420289,0.2997635933806147,1.1369193154034234,0.09374999999999994,0.025787965616046807,0.3461781427668984,0.2727272727272727,-0.44444444444444453,619585580.6451613
1.3593429158110881,-5.387681159420289,0.3338061465721042,1.625916870415648,0.09374999999999994,-0.0014326647564456875,0.7378395451674034,0.45454545454545453,-0.36111111111111116,614449366.6666666
1.46611909650924,-5.387681159420289,0.6174940898345155,1.2885085574572124,0.09374999999999994,-0.027220630372490458,0.6544535691724571,0.6363636363636364,-0.5833333333333336,599453806.451613
1.7207392197125257,-5.387681159420289,0.473758865248227,0.843520782396088,0.09374999999999994,0.36389684813753653,0.7075173720783322,0.8181818181818182,-0.527777777777778,594481666.6666666
1.7618069815195072,-5.387681159420289,0.2921985815602837,0.4376528117359425,0.09374999999999994,0.6518624641833823,0.8970309538850283,1.0,-0.3055555555555555,580021806.451613
1.6386036960985626,0.12077294685990336,-1.0638297872340428,2.833740831295842,-0.59375,-1.0974212034383923,0.6898294377763738,-1.0,-0.138888888888889,554029645.1612903
1.383983572895277,0.12077294685990336,-0.6477541371158394,1.1418092909535447,-0.59375,-0.9426934097421176,1.0587492103600753,-0.8181818181818182,-0.19444444444444461,525531655.1724138
1.0143737166324434,0.12077294685990336,-0.32813238770685577,0.4816625916870426,-0.59375,-0.7005730659025764,1.1370814908401765,-0.6363636363636364,-0.11111111111111122,500117677.4193549
0.7433264887063655,0.12077294685990336,0.27706855791962176,0.49633251833740993,-0.59375,-0.3553008595988522,1.0789639924194563,-0.45454545454545453,0.0,474841700.0
0.29158110882956884,0.12077294685990336,2.081323877068559,-0.47188264058679574,-0.59375,0.5945558739255019,0.998104864181933,-0.2727272727272727,-0.22222222222222243,467863193.5483871
0.20123203285420943,0.12077294685990336,0.8860520094562649,0.012224938875306656,-0.59375,0.6361031518624656,0.6114971572962726,-0.09090909090909091,-0.3333333333333333,486531533.3333333
0.08624229979466119,0.12077294685990336,0.14657210401891263,-1.0195599022004869,-0.59375,0.6446991404011478,0.20214782059380934,0.09090909090909091,-0.36111111111111116,499495096.7741935
-0.045174537987679675,0.12077294685990336,-0.3791962174940899,0.5158924205378985,-0.59375,0.037249283667622486,0.4598862918509159,0.2727272727272727,-0.36111111111111116,504866451.6129032
-0.16837782340862423,0.12077294685990336,-0.45295508274231683,1.0537897310513444,-0.59375,-0.5802292263610287,0.4826279216677194,0.45454545454545453,-0.41666666666666674,486848766.6666667
-0.16837782340862423,0.12077294685990336,0.541843971631206,1.9242053789731046,-0.59375,-0.042979942693407276,0.7125710675931773,0.6363636363636364,-0.27777777777777773,470190161.2903226
-0.1437371663244353,0.12077294685990336,0.524822695035461,0.6674816625916875,-0.59375,0.5128939828080245,0.7327858496525582,0.8181818181818182,-0.36111111111111116,481637366.6666667
-0.3901437371663244,0.12077294685990336,0.10874704491725774,0.9951100244498787,-0.59375,0.3438395415472786,0.9349336702463676,1.0,-0.2500000000000002,492346387.0967742
-0.4476386036960986,0.12077294685990336,-0.4359338061465722,1.1662591687041564,-0.59375,-0.3782234957020036,0.3537586860391661,-1.0,-0.11111111111111122,478472875.0
-0.21765913757700206,0.12077294685990336,-0.5872340425531916,1.1955990220048909,-0.59375,-0.5272206303724915,0.9576753000631711,-0.8181818181818182,0.0,453861348.6660087
0.1026694045174538,0.12077294685990336,0.4056737588652484,0.4767726161369196,-0.59375,0.1446991404011468,0.9677826910928613,-0.6363636363636364,0.027777777777777804,431913246.9590105
-0.004106776180698153,0.12077294685990336,1.8751773049645393,0.0024449877750623737,-0.59375,0.48567335243553195,0.765634870499052,-0.45454545454545453,-0.2500000000000002,410084325.54677624
-0.004106776180698153,0.12077294685990336,1.7957446808510644,0.07090464547677408,-0.59375,0.7234957020057319,0.8288060644346174,-0.2727272727272727,-0.22222222222222243,404057525.22251344
0.004106776180698151,0.12077294685990336,2.0416075650118213,-0.7114914425427858,-0.59375,0.7106017191977084,0.5609602021478206,-0.09090909090909091,-0.3055555555555555,420179937.2385342
-0.06981519507186859,0.12077294685990336,0.452955082742317,-0.6577017114914405,-0.59375,0.663323782234958,0.5508528111181299,0.09090909090909091,-0.2500000000000002,431375571.8475586
-0.25051334702258726,0.12077294685990336,0.7252955082742318,0.3985330073349636,-0.59375,0.5415472779369647,0.5887555274794691,0.2727272727272727,-0.22222222222222243,436014398.6951263
-0.3408624229979466,0.12077294685990336,0.016075650118203305,0.9853300733496344,-0.59375,0.33667621776504403,0.5533796588755524,0.45454545454545453,-0.3333333333333333,420453907.316438
-0.3572895277207392,0.12077294685990336,0.4794326241134755,0.5745721271393659,-0.59375,0.5171919770773655,0.6392924826279213,0.6363636363636364,-0.3055555555555555,406067148.63389605
-0.5133470225872689,0.12077294685990336,-0.1598108747044917,0.05623471882640679,-0.59375,0.5601719197707749,0.9526216045483256,0.8181818181818182,-0.3055555555555555,415953221.1842923
-0.4558521560574948,0.12077294685990336,-0.7252955082742318,1.4303178484107588,-0.59375,0.282234957020059,0.5457991156032848,1.0,-0.41666666666666674,425201780.0626455
0.5708418891170431,-1.2077294685990336,-0.591016548463357,0.7750611246943763,-0.59375,0.040114613180517934,-1.8016424510423241,-1.0,0.5833333333333333,
0.48049281314168374,-1.2077294685990336,-0.8066193853427898,0.25672371638141894,-0.59375,-0.01575931232091478,-0.6898294377763738,-0.8181818181818182,-0.08333333333333341,
0.48049281314168374,-1.2077294685990336,-0.1295508274231678,-0.0024449877750606364,-0.59375,-0.0845272206303709,-0.48768161718256453,-0.6363636363636364,-0.05555555555555561,
0.6858316221765913,-1.2077294685990336,0.32624113475177324,-0.7359413202933965,-0.59375,0.26074498567335336,-0.5230574857864813,-0.45454545454545453,0.30555555555555525,
0.8583162217659137,-1.2077294685990336,-0.20330969267139487,-0.33985330073349446,-0.59375,0.20200573065902722,-0.8591282375236887,-0.2727272727272727,0.3888888888888886,
1.0225872689938398,-1.2077294685990336,0.07281323877068573,-0.9119804400977971,-0.59375,0.32808022922636176,-0.9248262792166769,-0.09090909090909091,1.8333333333333333,
1.24435318275154,-1.2077294685990336,0.05957446808510647,-0.5012224938875286,-0.59375,0.12177650429799543,-1.2533164876816167,0.09090909090909091,1.3611111111111112,
1.6303901437371662,-1.2077294685990336,-0.3678486997635934,-1.0391198044009762,-0.59375,0.09455587392550292,-0.720151610865445,0.2727272727272727,1.3888888888888888,
1.8521560574948668,-1.2077294685990336,-0.4869976359338062,0.38875305623471934,-0.59375,-0.2979942693409718,-1.3265950726468725,0.45454545454545453,0.9999999999999997,
1.9917864476386038,-1.2077294685990336,-0.18439716312056736,-0.20293398533007276,-0.59375,-0.12034383954154566,-0.8085912823752365,0.6363636363636364,0.0,
2.2874743326488707,-1.2077294685990336,0.29030732860520103,-0.5647921760391181,-0.59375,0.3352435530085983,-0.6999368288060641,0.8181818181818182,-0.6944444444444444,
2.279260780287474,-1.2077294685990336,-0.8104018912529553,0.11491442542787422,-0.59375,-0.06017191977077181,-1.0309538850284268,1.0,1.25,
2.2546201232032854,-1.2077294685990336,-1.0486997635933808,2.051344743276284,0.1874999999999999,-0.5687679083094531,-0.9248262792166769,-1.0,-0.8888888888888891,
1.9753593429158112,-1.2077294685990336,-0.8539007092198583,0.2665036674816632,0.1874999999999999,-0.5945558739254999,-0.7631080227416295,-0.8181818181818182,0.2777777777777774,
1.4168377823408622,-1.2077294685990336,-0.3054373522458628,0.4083129584352079,0.1874999999999999,-0.41547277936962607,-0.34617814276689796,-0.6363636363636364,-0.27777777777777773,
0.8501026694045174,-1.2077294685990336,0.974940898345154,-1.0831295843520763,0.1874999999999999,0.17908309455587587,-0.39418825015792797,-0.45454545454545453,-0.9444444444444448,
0.34907597535934287,-1.2077294685990336,0.2260047281323878,-0.833740831295842,0.1874999999999999,0.2793696275071656,-0.5609602021478206,-0.2727272727272727,-0.027777777777777804,
0.03696098562628337,-1.2077294685990336,-0.13900709219858148,-0.6234718826405847,0.1874999999999999,0.1432664756447011,-0.811118130132659,-0.09090909090909091,0.7777777777777779,
-0.3408624229979466,-1.2077294685990336,-0.17304964539007098,-0.8777506112469421,0.1874999999999999,0.15759312320917018,-0.9020846493998732,0.09090909090909091,0.9444444444444448,
-0.42299794661190965,-1.2077294685990336,0.3886524822695038,-0.20782396088019403,0.1874999999999999,-0.014326647564469091,-1.0132659507264683,0.2727272727272727,1.1666666666666665,
-0.42299794661190965,-1.2077294685990336,0.02742316784869986,0.012224938875306656,0.1874999999999999,-0.08882521489971203,-1.1951989892608965,0.45454545454545453,0.138888888888889,
-0.5544147843942504,-1.2077294685990336,0.15791962174940902,0.15892420537897436,0.1874999999999999,0.1561604584527245,-0.8742893240682246,0.6363636363636364,-0.9722222222222222,
-0.5626283367556467,-1.2077294685990336,0.6004728132387708,-0.5550122249388739,0.1874999999999999,0.36676217765043195,-0.7732154137713202,0.8181818181818182,-1.2222222222222223,
-0.3162217659137577,-1.2077294685990336,-0.26382978723404255,-0.012224938875304918,0.1874999999999999,0.3065902578796581,-0.7100442198357548,1.0,-0.9444444444444448,
-0.20123203285420943,-1.2077294685990336,-0.870921985815603,-0.07579462102689362,-0.15625000000000006,0.16905444126074587,-1.0435881238155398,-1.0,-0.8333333333333335,
0.06981519507186859,-1.2077294685990336,-0.8274231678487,1.312958435207824,-0.15625000000000006,-0.1790830945558718,-0.7909033480732781,-0.8181818181818182,-0.5000000000000001,
0.11909650924024642,-1.2077294685990336,0.47754137115839246,-0.7261613691931523,-0.15625000000000006,0.32378223495702063,-0.6771951989892606,-0.6363636363636364,-1.027777777777778,
0.2833675564681725,-1.2077294685990336,-0.002836879432624054,0.10024449877750694,-0.15625000000000006,0.09742120343839633,-0.6797220467466831,-0.45454545454545453,-0.27777777777777773,
0.3983572895277207,-1.2077294685990336,1.1375886524822698,-0.3985330073349619,-0.15625000000000006,0.3309455587392572,-0.7176247631080225,-0.2727272727272727,-0.5000000000000001,
0.3326488706365503,-1.2077294685990336,0.5286052009456268,-0.755501222493886,-0.15625000000000006,0.3223495702005749,-0.8667087807959567,-0.09090909090909091,-0.27777777777777773,
0.25051334702258726,-1.2077294685990336,-0.22789598108747053,-1.0684596577017091,-0.15625000000000006,0.24355300859599086,-0.9854706253948194,0.09090909090909091,0.7222222222222223,
-0.07802874743326489,-1.2077294685990336,0.1938534278959812,-0.0220048899755492,-0.15625000000000006,-0.008595988538680233,-0.9273531269740994,0.2727272727272727,0.0,
-0.3080082135523614,-1.2077294685990336,-0.1957446808510639,-0.0220048899755492,-0.15625000000000006,-0.0716332378223475,-0.8869235628553376,0.45454545454545453,-0.2500000000000002,
-0.406570841889117,-1.2077294685990336,0.5872340425531916,-0.34474327628361745,-0.15625000000000006,0.12464183381088884,-0.7504737839545167,0.6363636363636364,-0.527777777777778,
-0.7268993839835729,-1.2077294685990336,0.5588652482269507,0.0415647921760395,-0.15625000000000006,0.4885386819484253,-0.34617814276689796,0.8181818181818182,-1.527777777777778,
-0.7104722792607803,-1.2077294685990336,-0.7196217494089836,0.6528117359413201,-0.15625000000000006,0.10744985673352633,-1.394819962097283,1.0,-0.9722222222222222,
-0.6529774127310062,-1.2077294685990336,-0.6988179669030734,0.25183374083129767,2.28125,0.16905444126074587,-1.0435881238155398,-1.0,-0.527777777777778,
-0.5051334702258726,-1.2077294685990336,-0.9598108747044918,0.687041564792176,2.28125,-0.15042979942693158,-0.9854706253948194,-0.8181818181818182,-0.9722222222222222,
-0.5626283367556467,-1.2077294685990336,-0.41323877068557924,-0.12469437652811677,2.28125,-0.044412607449855,-0.8945041061276056,-0.6363636363636364,-0.027777777777777804,
-0.3080082135523614,-1.2077294685990336,0.9163120567375889,-1.2396088019559874,2.28125,0.4598853868194851,-0.5281111813013264,-0.45454545454545453,-0.6666666666666666,
-0.061601642710472276,-1.2077294685990336,0.9881796690307332,-0.6332518337408298,2.28125,0.46131805157593286,-0.6443461781427664,-0.2727272727272727,-0.4722222222222224,
0.0944558521560575,-1.2077294685990336,0.44728132387706887,-0.8924205378973086,2.28125,0.41547277936962806,-1.0385344283006943,-0.09090909090909091,0.6944444444444444,
0.15195071868583163,-1.2077294685990336,0.35460992907801425,-0.5550122249388739,2.28125,0.3438395415472786,-0.8085912823752365,0.09090909090909091,0.8055555555555557,
0.12731006160164274,-1.2077294685990336,0.19952718676122946,0.11002444987775122,2.28125,0.05730659025788044,-1.3063802905874917,0.2727272727272727,1.4166666666666667,
0.43121149897330596,-1.2077294685990336,-0.09929078014184389,0.13447432762836278,2.28125,-0.11461318051575681,-1.0688566013897658,0.45454545454545453,0.027777777777777804,
0.7926078028747433,-1.2077294685990336,0.3092198581560286,0.19804400977995149,2.28125,0.1561604584527245,-0.9804169298799744,0.6363636363636364,-1.1111111111111112,
0.8008213552361396,-1.2077294685990336,0.014184397163120603,-0.24205378973104988,2.28125,0.41690544412607583,-0.694883133291219,0.8181818181818182,-1.2500000000000002,
0.8254620123203285,-1.2077294685990336,-0.9257683215130025,1.5672371638141804,2.28125,0.05873925501432816,-1.2331017056222358,1.0,0.08333333333333341,
0.6858316221765913,-1.2077294685990336,-0.9314420803782508,0.0024449877750623737,1.4999999999999998,0.060171919770775885,-0.9879974731522423,-1.0,0.4166666666666664,375310870.9677419
0.7186858316221766,-1.2077294685990336,-0.7555555555555556,0.7995110024449879,1.4999999999999998,-0.21489971346704656,-0.5634870499052431,-0.8181818181818182,-0.05555555555555561,349228892.8571429
0.7597535934291582,-1.2077294685990336,0.1938534278959812,-1.024449877750609,1.4999999999999998,0.21919770773639177,-0.510423246999368,-0.6363636363636364,-0.611111111111111,322214612.9032258
0.6201232032854209,-1.2077294685990336,0.4283687943262412,-0.6479217603911963,1.4999999999999998,0.3209169054441272,-0.42451042324699917,-0.45454545454545453,-0.9444444444444448,308249466.6666667
0.5544147843942505,-1.2077294685990336,1.1092198581560289,-0.6283618581907069,1.4999999999999998,0.34240687679083287,-0.5609602021478206,-0.2727272727272727,-0.3333333333333333,307606161.2903226
0.43121149897330596,-1.2077294685990336,0.4340425531914896,-0.5158924205378959,1.4999999999999998,0.4312320916905449,-0.8338597599494627,-0.09090909090909091,0.7777777777777779,321782800.0
0.3408624229979466,-1.2077294685990336,0.2959810874704493,-0.14425427872860533,1.4999999999999998,0.2650429799426945,-0.9096651926721411,0.09090909090909091,0.9999999999999997,366243806.4516129
0.08624229979466119,-1.2077294685990336,-0.08983451536643021,-0.5403422982885066,1.4999999999999998,0.08882521489971407,-1.0814908401768788,0.2727272727272727,1.111111111111111,390054870.9677419
0.06981519507186859,-1.2077294685990336,0.014184397163120603,0.08557457212714138,1.4999999999999998,-0.14613180515759044,-1.1168667087807955,0.45454545454545453,0.19444444444444461,399258666.6666667
0.4476386036960986,-1.2077294685990336,0.5021276595744683,0.02200488997555094,1.4999999999999998,0.008595988538684304,-0.8843967150979151,0.6363636363636364,-0.5555555555555558,392567870.9677419
0.48870636550308005,-1.2077294685990336,0.7858156028368797,0.08557457212714138,1.4999999999999998,0.564469914040116,-0.4927353126974096,0.8181818181818182,-0.9722222222222222,385040666.6666667
0.5297741273100616,-1.2077294685990336,-0.6156028368794327,0.10024449877750694,1.4999999999999998,0.35100286532951513,-0.3992419456727731,1.0,-0.44444444444444453,381478322.5806451
0.6529774127310062,-1.2077294685990336,-0.9276595744680852,1.2444987775061123,-0.6875,0.05444126074498703,-1.5161086544535687,-1.0,0.19444444444444461,365105645.1612903
0.4394250513347023,-1.2077294685990336,-0.3640661938534279,1.8655256723716371,-0.6875,-0.1891117478510018,-1.5464308275426402,-0.8181818181818182,0.3888888888888886,341265620.6896552
0.48870636550308005,-1.2077294685990336,-0.3640661938534279,0.5012224938875312,-0.6875,-0.05444126074498499,-1.3139608338597595,-0.6363636363636364,-0.5833333333333336,318710096.7741935
0.406570841889117,-1.2077294685990336,0.04822695035460992,-0.13936430317848233,-0.6875,0.07306590257879725,-0.6670878079595703,-0.45454545454545453,-0.36111111111111116,300844166.6666667
-0.11909650924024642,-1.2077294685990336,0.1257683215130024,-0.559902200488996,-0.6875,0.247851002865332,-0.5483259633607073,-0.2727272727272727,0.2777777777777774,290141870.9677419
-0.21765913757700206,-1.2077294685990336,1.5120567375886529,-0.2909535452322722,-0.6875,0.2650429799426945,-0.813644977890082,-0.09090909090909091,0.5555555555555555,294335733.3333333
-0.19301848049281312,-1.2077294685990336,0.5777777777777781,-0.5745721271393625,-0.6875,0.20200573065902722,-0.8717624763108021,0.09090909090909091,0.44444444444444425,323125516.1290323
-0.43121149897330596,-1.2077294685990336,-0.19196217494089832,-0.49633251833740644,-0.6875,0.011461318051577716,-1.0511686670878075,0.2727272727272727,0.05555555555555561,336433612.9032258
-0.6365503080082136,-1.2077294685990336,-0.055791962174940896,0.2909535452322748,-0.6875,-0.15042979942693158,-0.8439671509791532,0.45454545454545453,-0.138888888888889,328335333.3333333
-0.973305954825462,-1.2077294685990336,-0.7933806146572107,0.14914425427873007,-0.6875,-0.34670487106016995,-1.0461149715729623,0.6363636363636364,-0.11111111111111122,314703548.3870968
-1.104722792607803,-1.2077294685990336,-0.7914893617021278,-0.3545232273838617,-0.6875,0.12464183381088884,-0.4118761844598859,0.8181818181818182,-1.527777777777778,321075166.6666667
-0.8501026694045175,-1.2077294685990336,-0.5721040189125297,0.6381418092909547,-0.6875,-0.07306590257879522,-1.0183196462413135,1.0,-0.8333333333333335,333583677.4193549
-0.6611909650924024,-1.2077294685990336,-0.5456264775413713,1.1955990220048909,0.4999999999999999,-0.21776504297993995,-1.3341756159191402,-1.0,-0.19444444444444461,318859483.8709677
-0.6858316221765913,-1.2077294685990336,-0.4567375886524823,0.26161369193154194,0.4999999999999999,-0.03581661891117273,-0.6165508528111178,-0.8181818181818182,-0.5555555555555558,300381750.0
-0.5544147843942504,-1.2077294685990336,-0.44539007092198585,-0.8630806845965748,0.4999999999999999,0.01719197707736454,-0.6670878079595703,-0.6363636363636364,-0.7222222222222223,294729838.7096774
-0.48049281314168374,-1.2077294685990336,-0.18061465721040196,0.1295843520782415,0.4999999999999999,0.0358166189111768,-0.6392924826279213,-0.45454545454545453,-0.08333333333333341,296661366.6666667
-0.27515400410677615,-1.2077294685990336,-1.092198581560284,-0.40342298288508405,0.4999999999999999,-0.01575931232091478,-0.7075173720783318,-0.2727272727272727,0.2500000000000002,321908612.9032258
-0.16837782340862423,-1.2077294685990336,-0.61371158392435,-0.17359413202933818,0.4999999999999999,-0.15616045845272042,-1.0562223626026528,-0.09090909090909091,0.5555555555555555,359512233.3333333
-0.2669404517453799,-1.2077294685990336,-1.0146572104018916,-0.6234718826405847,0.4999999999999999,-0.48567335243552784,-1.0536955148452303,0.09090909090909091,1.5833333333333335,393645387.0967742
-0.3819301848049281,-1.2077294685990336,-1.0146572104018916,-0.36919315403422814,0.4999999999999999,-1.0128939828080215,-0.8414403032217306,0.2727272727272727,0.6388888888888888,434575580.6451613
-0.41478439425051333,-1.2077294685990336,-0.6628841607565014,0.13447432762836278,0.4999999999999999,-1.1160458452722046,-0.9450410612760578,0.45454545454545453,0.6666666666666666,456232800.0
-0.7186858316221766,-1.2077294685990336,-0.6458628841607565,0.19804400977995149,0.4999999999999999,-0.5845272206303699,-0.5609602021478206,0.6363636363636364,-0.5000000000000001,461579258.0645161
-0.7186858316221766,-1.2077294685990336,-0.7366430260047282,0.7261613691931549,0.4999999999999999,-0.5773638968481354,-0.5205306380290587,0.8181818181818182,-0.7500000000000001,481237600.0
-0.7761806981519507,-1.2077294685990336,-0.8141843971631207,0.45721271393643104,0.4999999999999999,-0.4297994269340951,-0.510423246999368,1.0,-0.611111111111111,474543580.6451613
-0.6201232032854209,-0.9661835748792269,-0.8879432624113478,0.7946210268948666,0.21874999999999992,-1.1733524355300828,-0.7327858496525582,-1.0,-0.41666666666666674,453196074.1935484
-0.595482546201232,-0.9661835748792269,-0.3508274231678487,-0.38386308068459457,0.21874999999999992,-0.6375358166189092,-0.8010107391029687,-0.8181818181818182,-0.5833333333333336,432436285.7142857
-0.702258726899384,-0.9661835748792269,-0.05200945626477532,-0.14425427872860533,0.21874999999999992,0.05873925501432816,-0.5003158559696778,-0.6363636363636364,-0.6666666666666666,419985419.3548387
-0.8008213552361396,-0.9661835748792269,0.6515366430260048,-0.7701711491442524,0.21874999999999992,0.05730659025788044,-0.8010107391029687,-0.45454545454545453,-0.3055555555555555,408355533.3333333
-0.8090349075975359,-0.9661835748792269,1.4250591016548468,-0.3740831295843503,0.21874999999999992,0.29942693409742355,-0.7605811749842069,-0.2727272727272727,0.027777777777777804,454864354.8387097
-0.5544147843942504,-0.9661835748792269,0.5569739952718676,-0.6870415647921743,0.21874999999999992,0.31088825214899923,-0.8818698673404924,-0.09090909090909091,-0.3055555555555555,498158200.0
-0.5215605749486653,-0.9661835748792269,0.7347517730496457,-0.3594132029339839,0.21874999999999992,0.24355300859599086,-0.8869235628553376,0.09090909090909091,0.44444444444444425,532957096.7741935
-0.7515400410677618,-0.9661835748792269,0.18628841607565022,-0.17359413202933818,0.21874999999999992,0.08166189111747953,-1.0789639924194563,0.2727272727272727,0.3888888888888886,550557806.451613
-0.8336755646817249,-0.9661835748792269,0.03498817966903083,-0.05623471882640506,0.21874999999999992,-0.09598853868194658,-0.8060644346178139,0.45454545454545453,-0.138888888888889,549053833.3333334
-0.759753593429158,-0.9661835748792269,0.43593380614657234,-0.036674816625914756,0.21874999999999992,0.16189111747851131,-0.9020846493998732,0.6363636363636364,-0.7777777777777779,545696451.6129032
-0.6858316221765913,-0.9661835748792269,0.06713947990543745,-0.755501222493886,0.21874999999999992,0.5444126074498581,-0.325963360707517,0.8181818181818182,-1.3611111111111112,556572100.0
-0.6036960985626283,-0.9661835748792269,-0.6382978723404256,0.8826405867970669,0.21874999999999992,0.11461318051576087,-1.185091598231206,1.0,-0.7500000000000001,564248741.9354838
-0.4394250513347023,-6.339371980676328,0.09550827423167849,0.3105134474327633,-0.5625,0.19197707736389927,-1.6803537586860384,-1.0,-0.611111111111111,555273322.5806452
-0.24229979466119095,-6.339371980676328,-0.8312056737588653,1.3031784841075797,-0.5625,-0.11031518624641568,-1.4327226784586224,-0.8181818181818182,0.138888888888889,540964821.4285715
0.004106776180698151,-6.339371980676328,-0.24869976359338059,-0.8190709046454747,-0.5625,0.24641833810888425,-0.42703727100442174,-0.6363636363636364,-0.8611111111111113,544803032.2580645
0.21765913757700206,-6.339371980676328,0.40378250591016573,-1.0097799511002425,-0.5625,0.3323782234957029,-0.5660138976626656,-0.45454545454545453,-0.611111111111111,558005533.3333334
0.48049281314168374,-6.339371980676328,0.6742316784869978,0.03178484107579522,-0.5625,0.2679083094555879,-0.5129500947567905,-0.2727272727272727,0.11111111111111122,563669580.6451613
0.7433264887063655,-6.339371980676328,0.32624113475177324,-0.08068459657701663,-0.5625,0.24641833810888425,-1.0082122552116233,-0.09090909090909091,1.3611111111111112,577965033.3333334
0.891170431211499,-6.339371980676328,0.1957446808510639,-0.4278728606356956,-0.5625,0.2893982808022936,-0.7530006317119392,0.09090909090909091,1.6666666666666663,597035354.8387097
1.1540041067761806,-6.339371980676328,-0.06713947990543728,0.4229828850855752,-0.5625,-0.08022922636102976,-1.0789639924194563,0.2727272727272727,0.9444444444444448,619585580.6451613
1.3593429158110881,-6.339371980676328,-0.014184397163120603,0.43276283618581946,-0.5625,-0.13037249283667363,-0.7125710675931773,0.45454545454545453,0.5833333333333333,614449366.6666666
1.46611909650924,-6.339371980676328,0.2959810874704493,0.32029339853300764,-0.5625,-0.05444126074498499,-0.7757422615287427,0.6363636363636364,-0.7222222222222223,599453806.451613
1.7207392197125257,-6.339371980676328,-0.0009456264775413513,0.16381418092909564,-0.5625,0.15329512893982905,-0.39671509791535053,0.8181818181818182,-0.36111111111111116,594481666.6666666
1.7618069815195072,-6.339371980676328,-0.1295508274231678,0.08068459657701837,-0.5625,0.38252148997134877,-0.5988629185091594,1.0,-0.5000000000000001,580021806.451613
1.6386036960985626,-1.0,-1.06193853427896,2.3594132029339847,0.21874999999999992,-0.4140401146131783,-1.073910296904611,-1.0,0.5833333333333333,554029645.1612903
1.383983572895277,-1.0,-0.7650118203309695,0.4034229828850866,0.21874999999999992,-0.20916905444125972,-0.510423246999368,-0.8181818181818182,-0.027777777777777804,525531655.1724138
1.0143737166324434,-1.0,-0.5418439716312058,-0.06601466992664934,0.21874999999999992,-0.3237822349570186,-0.5685407454200883,-0.6363636363636364,0.05555555555555561,500117677.4193549
0.7433264887063655,-1.0,0.11442080378250602,-0.0904645476772609,0.21874999999999992,-0.18481375358166063,-0.694883133291219,-0.45454545454545453,-0.08333333333333341,474841700.0
0.29158110882956884,-1.0,1.290780141843972,-0.5256723716381402,0.21874999999999992,0.3352435530085983,-0.27542640555906495,-0.2727272727272727,0.16666666666666682,467863193.5483871
0.20123203285420943,-1.0,0.49456264775413744,-0.43276283618581773,0.21874999999999992,0.35530085959885627,-0.8035375868603913,-0.09090909090909091,0.3611111111111108,486531533.3333333
0.08624229979466119,-1.0,-0.13522458628841608,-0.5403422982885066,0.21874999999999992,0.3295128939828095,-1.1017056222362598,0.09090909090909091,1.1666666666666665,499495096.7741935
-0.045174537987679675,-1.0,-0.5929078014184398,0.28606356968215174,0.21874999999999992,-0.1275071633237802,-1.0183196462413135,0.2727272727272727,0.8055555555555557,504866451.6129032
-0.16837782340862423,-1.0,-0.48321513002364075,-0.04645476772616077,0.21874999999999992,-0.25358166189111475,-0.8616550852811116,0.45454545454545453,0.7777777777777779,486848766.6666667
-0.16837782340862423,-1.0,0.24491725768321518,0.8141809290953551,0.21874999999999992,-0.041547277936961585,-0.9096651926721411,0.6363636363636364,0.05555555555555561,470190161.2903226
-0.1437371663244353,-1.0,0.3394799054373523,-0.907090464547675,0.21874999999999992,0.42120343839541696,-1.0031585596967778,0.8181818181818182,-0.9444444444444448,481637366.6666667
-0.3901437371663244,-1.0,-0.17683215130023638,0.012224938875306656,0.21874999999999992,0.3209169054441272,-0.785849652558433,1.0,-0.7500000000000001,492346387.0967742
-0.4476386036960986,-1.0,-0.5929078014184398,1.0733496332518346,0.21874999999999992,-0.008595988538680233,-1.2027795325331645,-1.0,0.11111111111111122,478472875.0
-0.21765913757700206,-1.0,-0.591016548463357,-0.40342298288508405,0.21874999999999992,0.19054441260745153,-0.535691724573594,-0.8181818181818182,-0.4722222222222224,453861348.6660087
0.1026694045174538,-1.0,0.3773049645390072,-0.4132029339853283,0.21874999999999992,0.31088825214899923,-0.7075173720783318,-0.6363636363636364,-0.611111111111111,431913246.9590105
-0.004106776180698153,-1.0,2.3347517730496463,-0.30073349633251645,0.21874999999999992,0.3868194842406899,-0.811118130132659,-0.45454545454545453,-0.3333333333333333,410084325.54677624
-0.004106776180698153,-1.0,0.94468085106383,-0.5941320293398519,0.21874999999999992,0.5759312320916917,-0.4320909665192668,-0.2727272727272727,0.4166666666666664,404057525.22251344
0.004106776180698151,-1.0,1.2378250591016553,-0.8092909535452304,0.21874999999999992,0.4942693409742142,-1.0183196462413135,-0.09090909090909091,0.9166666666666669,420179937.2385342
-0.06981519507186859,-1.0,-0.14657210401891246,-0.5843520782396067,0.21874999999999992,0.37535816618911216,-0.8515476942514211,0.09090909090909091,1.4444444444444446,431375571.8475586
-0.25051334702258726,-1.0,0.15035460992907804,-0.0220048899755492,0.21874999999999992,0.28796561604584586,-0.7984838913455462,0.2727272727272727,1.0555555555555554,436014398.6951263
-0.3408624229979466,-1.0,-0.25059101654846344,0.012224938875306656,0.21874999999999992,0.14183381088825336,-0.7226784586228676,0.45454545454545453,0.9166666666666669,420453907.316438
-0.3572895277207392,-1.0,0.23546099290780148,-0.5696821515892403,0.21874999999999992,0.3438395415472786,-0.8616550852811116,0.6363636363636364,-0.27777777777777773,406067148.63389605
-0.5133470225872689,-1.0,-0.356501182033097,-0.6283618581907069,0.21874999999999992,0.3352435530085983,-0.5634870499052431,0.8181818181818182,-0.44444444444444453,415953221.1842923
-0.4558521560574948,-1.0,-0.7366430260047282,0.2078239608801975,0.21874999999999992,0.27077363896848333,-1.1219204042956408,1.0,-0.8055555555555557,425201780.0626455
