Indice_Secuencia,Nodo,Fecha_Inicio,Fecha_Fin,Fecha_Objetivo
0,Bogota_Sabana,2018-01-01,2018-12-01,2019-01-01
1,Bogota_Sabana,2018-02-01,2019-01-01,2019-02-01
2,Bogota_Sabana,2018-03-01,2019-02-01,2019-03-01
3,Bogota_Sabana,2018-04-01,2019-03-01,2019-04-01
4,Bogota_Sabana,2018-05-01,2019-04-01,2019-05-01
5,Bogota_Sabana,2018-06-01,2019-05-01,2019-06-01
6,Bogota_Sabana,2018-07-01,2019-06-01,2019-07-01
7,Bogota_Sabana,2018-08-01,2019-07-01,2019-08-01
8,Bogota_Sabana,2018-09-01,2019-08-01,2019-09-01
9,Bogota_Sabana,2018-10-01,2019-09-01,2019-10-01
10,Bogota_Sabana,2018-11-01,2019-10-01,2019-11-01
11,Bogota_Sabana,2018-12-01,2019-11-01,2019-12-01
12,Bogota_Sabana,2019-01-01,2019-12-01,2020-01-01
13,Bogota_Sabana,2019-02-01,2020-01-01,2020-02-01
14,Bogota_Sabana,2019-03-01,2020-02-01,2020-03-01
15,Bogota_Sabana,2019-04-01,2020-03-01,2020-04-01
16,Bogota_Sabana,2019-05-01,2020-04-01,2020-05-01
17,Bogota_Sabana,2019-06-01,2020-05-01,2020-06-01
18,Bogota_Sabana,2019-07-01,2020-06-01,2020-07-01
19,Bogota_Sabana,2019-08-01,2020-07-01,2020-08-01
20,Bogota_Sabana,2019-09-01,2020-08-01,2020-09-01
21,Bogota_Sabana,2019-10-01,2020-09-01,2020-10-01
22,Bogota_Sabana,2019-11-01,2020-10-01,2020-11-01
23,Bogota_Sabana,2019-12-01,2020-11-01,2020-12-01
24,Bogota_Sabana,2020-01-01,2020-12-01,2021-01-01
25,Bogota_Sabana,2020-02-01,2021-01-01,2021-02-01
26,Bogota_Sabana,2020-03-01,2021-02-01,2021-03-01
27,Bogota_Sabana,2020-04-01,2021-03-01,2021-04-01
28,Bogota_Sabana,2020-05-01,2021-04-01,2021-05-01
29,Bogota_Sabana,2020-06-01,2021-05-01,2021-06-01
30,Bogota_Sabana,2020-07-01,2021-06-01,2021-07-01
31,Bogota_Sabana,2020-08-01,2021-07-01,2021-08-01
32,Bogota_Sabana,2020-09-01,2021-08-01,2021-09-01
33,Bogota_Sabana,2020-10-01,2021-09-01,2021-10-01
34,Bogota_Sabana,2020-11-01,2021-10-01,2021-11-01
35,Bogota_Sabana,2020-12-01,2021-11-01,2021-12-01
36,Bogota_Sabana,2021-01-01,2021-12-01,2022-01-01
37,Bogota_Sabana,2021-02-01,2022-01-01,2022-02-01
38,Bogota_Sabana,2021-03-01,2022-02-01,2022-03-01
39,Bogota_Sabana,2021-04-01,2022-03-01,2022-04-01
40,Bogota_Sabana,2021-05-01,2022-04-01,2022-05-01
41,Bogota_Sabana,2021-06-01,2022-05-01,2022-06-01
42,Bogota_Sabana,2021-07-01,2022-06-01,2022-07-01
43,Bogota_Sabana,2021-08-01,2022-07-01,2022-08-01
44,Bogota_Sabana,2021-09-01,2022-08-01,2022-09-01
45,Bogota_Sabana,2021-10-01,2022-09-01,2022-10-01
46,Bogota_Sabana,2021-11-01,2022-10-01,2022-11-01
47,Bogota_Sabana,2021-12-01,2022-11-01,2022-12-01
48,Bogota_Sabana,2022-01-01,2022-12-01,2023-01-01
49,Bogota_Sabana,2022-02-01,2023-01-01,2023-02-01
50,Bogota_Sabana,2022-03-01,2023-02-01,2023-03-01
51,Bogota_Sabana,2022-04-01,2023-03-01,2023-04-01
52,Bogota_Sabana,2022-05-01,2023-04-01,2023-05-01
53,Bogota_Sabana,2022-06-01,2023-05-01,2023-06-01
54,Bogota_Sabana,2022-07-01,2023-06-01,2023-07-01
55,Bogota_Sabana,2022-08-01,2023-07-01,2023-08-01
56,Bogota_Sabana,2022-09-01,2023-08-01,2023-09-01
57,Bogota_Sabana,2022-10-01,2023-09-01,2023-10-01
58,Bogota_Sabana,2022-11-01,2023-10-01,2023-11-01
59,Bogota_Sabana,2022-12-01,2023-11-01,2023-12-01
60,Bogota_Sabana,2023-01-01,2023-12-01,2024-01-01
61,Bogota_Sabana,2023-02-01,2024-01-01,2024-02-01
62,Bogota_Sabana,2023-03-01,2024-02-01,2024-03-01
63,Bogota_Sabana,2023-04-01,2024-03-01,2024-04-01
64,Bogota_Sabana,2023-05-01,2024-04-01,2024-05-01
65,Bogota_Sabana,2023-06-01,2024-05-01,2024-06-01
66,Bogota_Sabana,2023-07-01,2024-06-01,2024-07-01
67,Bogota_Sabana,2023-08-01,2024-07-01,2024-08-01
68,Bogota_Sabana,2023-09-01,2024-08-01,2024-09-01
69,Bogota_Sabana,2023-10-01,2024-09-01,2024-10-01
70,Bogota_Sabana,2023-11-01,2024-10-01,2024-11-01
71,Bogota_Sabana,2023-12-01,2024-11-01,2024-12-01
72,Bogota_Sabana,2024-01-01,2024-12-01,2025-01-01
73,Bogota_Sabana,2024-02-01,2025-01-01,2025-02-01
74,Bogota_Sabana,2024-03-01,2025-02-01,2025-03-01
75,Bogota_Sabana,2024-04-01,2025-03-01,2025-04-01
76,Bogota_Sabana,2024-05-01,2025-04-01,2025-05-01
77,Bogota_Sabana,2024-06-01,2025-05-01,2025-06-01
78,Bogota_Sabana,2024-07-01,2025-06-01,2025-07-01
79,Bogota_Sabana,2024-08-01,2025-07-01,2025-08-01
80,Bogota_Sabana,2024-09-01,2025-08-01,2025-09-01
81,Bogota_Sabana,2024-10-01,2025-09-01,2025-10-01
82,Bogota_Sabana,2024-11-01,2025-10-01,2025-11-01
83,Bogota_Sabana,2024-12-01,2025-11-01,2025-12-01
84,Sopo_Sur,2018-01-01,2018-12-01,2019-01-01
85,Sopo_Sur,2018-02-01,2019-01-01,2019-02-01
86,Sopo_Sur,2018-03-01,2019-02-01,2019-03-01
87,Sopo_Sur,2018-04-01,2019-03-01,2019-04-01
88,Sopo_Sur,2018-05-01,2019-04-01,2019-05-01
89,Sopo_Sur,2018-06-01,2019-05-01,2019-06-01
90,Sopo_Sur,2018-07-01,2019-06-01,2019-07-01
91,Sopo_Sur,2018-08-01,2019-07-01,2019-08-01
92,Sopo_Sur,2018-09-01,2019-08-01,2019-09-01
93,Sopo_Sur,2018-10-01,2019-09-01,2019-10-01
94,Sopo_Sur,2018-11-01,2019-10-01,2019-11-01
95,Sopo_Sur,2018-12-01,2019-11-01,2019-12-01
96,Sopo_Sur,2019-01-01,2019-12-01,2020-01-01
97,Sopo_Sur,2019-02-01,2020-01-01,2020-02-01
98,Sopo_Sur,2019-03-01,2020-02-01,2020-03-01
99,Sopo_Sur,2019-04-01,2020-03-01,2020-04-01
100,Sopo_Sur,2019-05-01,2020-04-01,2020-05-01
101,Sopo_Sur,2019-06-01,2020-05-01,2020-06-01
102,Sopo_Sur,2019-07-01,2020-06-01,2020-07-01
103,Sopo_Sur,2019-08-01,2020-07-01,2020-08-01
104,Sopo_Sur,2019-09-01,2020-08-01,2020-09-01
105,Sopo_Sur,2019-10-01,2020-09-01,2020-10-01
106,Sopo_Sur,2019-11-01,2020-10-01,2020-11-01
107,Sopo_Sur,2019-12-01,2020-11-01,2020-12-01
108,Sopo_Sur,2020-01-01,2020-12-01,2021-01-01
109,Sopo_Sur,2020-02-01,2021-01-01,2021-02-01
110,Sopo_Sur,2020-03-01,2021-02-01,2021-03-01
111,Sopo_Sur,2020-04-01,2021-03-01,2021-04-01
112,Sopo_Sur,2020-05-01,2021-04-01,2021-05-01
113,Sopo_Sur,2020-06-01,2021-05-01,2021-06-01
114,Sopo_Sur,2020-07-01,2021-06-01,2021-07-01
115,Sopo_Sur,2020-08-01,2021-07-01,2021-08-01
116,Sopo_Sur,2020-09-01,2021-08-01,2021-09-01
117,Sopo_Sur,2020-10-01,2021-09-01,2021-10-01
118,Sopo_Sur,2020-11-01,2021-10-01,2021-11-01
119,Sopo_Sur,2020-12-01,2021-11-01,2021-12-01
120,Sopo_Sur,2021-01-01,2021-12-01,2022-01-01
121,Sopo_Sur,2021-02-01,2022-01-01,2022-02-01
122,Sopo_Sur,2021-03-01,2022-02-01,2022-03-01
123,Sopo_Sur,2021-04-01,2022-03-01,2022-04-01
124,Sopo_Sur,2021-05-01,2022-04-01,2022-05-01
125,Sopo_Sur,2021-06-01,2022-05-01,2022-06-01
126,Sopo_Sur,2021-07-01,2022-06-01,2022-07-01
127,Sopo_Sur,2021-08-01,2022-07-01,2022-08-01
128,Sopo_Sur,2021-09-01,2022-08-01,2022-09-01
129,Sopo_Sur,2021-10-01,2022-09-01,2022-10-01
130,Sopo_Sur,2021-11-01,2022-10-01,2022-11-01
131,Sopo_Sur,2021-12-01,2022-11-01,2022-12-01
132,Sopo_Sur,2022-01-01,2022-12-01,2023-01-01
133,Sopo_Sur,2022-02-01,2023-01-01,2023-02-01
134,Sopo_Sur,2022-03-01,2023-02-01,2023-03-01
135,Sopo_Sur,2022-04-01,2023-03-01,2023-04-01
136,Sopo_Sur,2022-05-01,2023-04-01,2023-05-01
137,Sopo_Sur,2022-06-01,2023-05-01,2023-06-01
138,Sopo_Sur,2022-07-01,2023-06-01,2023-07-01
139,Sopo_Sur,2022-08-01,2023-07-01,2023-08-01
140,Sopo_Sur,2022-09-01,2023-08-01,2023-09-01
141,Sopo_Sur,2022-10-01,2023-09-01,2023-10-01
142,Sopo_Sur,2022-11-01,2023-10-01,2023-11-01
143,Sopo_Sur,2022-12-01,2023-11-01,2023-12-01
144,Sopo_Sur,2023-01-01,2023-12-01,2024-01-01
145,Sopo_Sur,2023-02-01,2024-01-01,2024-02-01
146,Sopo_Sur,2023-03-01,2024-02-01,2024-03-01
147,Sopo_Sur,2023-04-01,2024-03-01,2024-04-01
148,Sopo_Sur,2023-05-01,2024-04-01,2024-05-01
149,Sopo_Sur,2023-06-01,2024-05-01,2024-06-01
150,Sopo_Sur,2023-07-01,2024-06-01,2024-07-01
151,Sopo_Sur,2023-08-01,2024-07-01,2024-08-01
152,Sopo_Sur,2023-09-01,2024-08-01,2024-09-01
153,Sopo_Sur,2023-10-01,2024-09-01,2024-10-01
154,Sopo_Sur,2023-11-01,2024-10-01,2024-11-01
155,Sopo_Sur,2023-12-01,2024-11-01,2024-12-01
156,Sopo_Sur,2024-01-01,2024-12-01,2025-01-01
157,Sopo_Sur,2024-02-01,2025-01-01,2025-02-01
158,Sopo_Sur,2024-03-01,2025-02-01,2025-03-01
159,Sopo_Sur,2024-04-01,2025-03-01,2025-04-01
160,Sopo_Sur,2024-05-01,2025-04-01,2025-05-01
161,Sopo_Sur,2024-06-01,2025-05-01,2025-06-01
162,Sopo_Sur,2024-07-01,2025-06-01,2025-07-01
163,Sopo_Sur,2024-08-01,2025-07-01,2025-08-01
164,Sopo_Sur,2024-09-01,2025-08-01,2025-09-01
165,Sopo_Sur,2024-10-01,2025-09-01,2025-10-01
166,Sopo_Sur,2024-11-01,2025-10-01,2025-11-01
167,Sopo_Sur,2024-12-01,2025-11-01,2025-12-01
168,Tocancipa_Media,2018-01-01,2018-12-01,2019-01-01
169,Tocancipa_Media,2018-02-01,2019-01-01,2019-02-01
170,Tocancipa_Media,2018-03-01,2019-02-01,2019-03-01
171,Tocancipa_Media,2018-04-01,2019-03-01,2019-04-01
172,Tocancipa_Media,2018-05-01,2019-04-01,2019-05-01
173,Tocancipa_Media,2018-06-01,2019-05-01,2019-06-01
174,Tocancipa_Media,2018-07-01,2019-06-01,2019-07-01
175,Tocancipa_Media,2018-08-01,2019-07-01,2019-08-01
176,Tocancipa_Media,2018-09-01,2019-08-01,2019-09-01
177,Tocancipa_Media,2018-10-01,2019-09-01,2019-10-01
178,Tocancipa_Media,2018-11-01,2019-10-01,2019-11-01
179,Tocancipa_Media,2018-12-01,2019-11-01,2019-12-01
180,Tocancipa_Media,2019-01-01,2019-12-01,2020-01-01
181,Tocancipa_Media,2019-02-01,2020-01-01,2020-02-01
182,Tocancipa_Media,2019-03-01,2020-02-01,2020-03-01
183,Tocancipa_Media,2019-04-01,2020-03-01,2020-04-01
184,Tocancipa_Media,2019-05-01,2020-04-01,2020-05-01
185,Tocancipa_Media,2019-06-01,2020-05-01,2020-06-01
186,Tocancipa_Media,2019-07-01,2020-06-01,2020-07-01
187,Tocancipa_Media,2019-08-01,2020-07-01,2020-08-01
188,Tocancipa_Media,2019-09-01,2020-08-01,2020-09-01
189,Tocancipa_Media,2019-10-01,2020-09-01,2020-10-01
190,Tocancipa_Media,2019-11-01,2020-10-01,2020-11-01
191,Tocancipa_Media,2019-12-01,2020-11-01,2020-12-01
192,Tocancipa_Media,2020-01-01,2020-12-01,2021-01-01
193,Tocancipa_Media,2020-02-01,2021-01-01,2021-02-01
194,Tocancipa_Media,2020-03-01,2021-02-01,2021-03-01
195,Tocancipa_Media,2020-04-01,2021-03-01,2021-04-01
196,Tocancipa_Media,2020-05-01,2021-04-01,2021-05-01
197,Tocancipa_Media,2020-06-01,2021-05-01,2021-06-01
198,Tocancipa_Media,2020-07-01,2021-06-01,2021-07-01
199,Tocancipa_Media,2020-08-01,2021-07-01,2021-08-01
200,Tocancipa_Media,2020-09-01,2021-08-01,2021-09-01
201,Tocancipa_Media,2020-10-01,2021-09-01,2021-10-01
202,Tocancipa_Media,2020-11-01,2021-10-01,2021-11-01
203,Tocancipa_Media,2020-12-01,2021-11-01,2021-12-01
204,Tocancipa_Media,2021-01-01,2021-12-01,2022-01-01
205,Tocancipa_Media,2021-02-01,2022-01-01,2022-02-01
206,Tocancipa_Media,2021-03-01,2022-02-01,2022-03-01
207,Tocancipa_Media,2021-04-01,2022-03-01,2022-04-01
208,Tocancipa_Media,2021-05-01,2022-04-01,2022-05-01
209,Tocancipa_Media,2021-06-01,2022-05-01,2022-06-01
210,Tocancipa_Media,2021-07-01,2022-06-01,2022-07-01
211,Tocancipa_Media,2021-08-01,2022-07-01,2022-08-01
212,Tocancipa_Media,2021-09-01,2022-08-01,2022-09-01
213,Tocancipa_Media,2021-10-01,2022-09-01,2022-10-01
214,Tocancipa_Media,2021-11-01,2022-10-01,2022-11-01
215,Tocancipa_Media,2021-12-01,2022-11-01,2022-12-01
216,Tocancipa_Media,2022-01-01,2022-12-01,2023-01-01
217,Tocancipa_Media,2022-02-01,2023-01-01,2023-02-01
218,Tocancipa_Media,2022-03-01,2023-02-01,2023-03-01
219,Tocancipa_Media,2022-04-01,2023-03-01,2023-04-01
220,Tocancipa_Media,2022-05-01,2023-04-01,2023-05-01
221,Tocancipa_Media,2022-06-01,2023-05-01,2023-06-01
222,Tocancipa_Media,2022-07-01,2023-06-01,2023-07-01
223,Tocancipa_Media,2022-08-01,2023-07-01,2023-08-01
224,Tocancipa_Media,2022-09-01,2023-08-01,2023-09-01
225,Tocancipa_Media,2022-10-01,2023-09-01,2023-10-01
226,Tocancipa_Media,2022-11-01,2023-10-01,2023-11-01
227,Tocancipa_Media,2022-12-01,2023-11-01,2023-12-01
228,Tocancipa_Media,2023-01-01,2023-12-01,2024-01-01
229,Tocancipa_Media,2023-02-01,2024-01-01,2024-02-01
230,Tocancipa_Media,2023-03-01,2024-02-01,2024-03-01
231,Tocancipa_Media,2023-04-01,2024-03-01,2024-04-01
232,Tocancipa_Media,2023-05-01,2024-04-01,2024-05-01
233,Tocancipa_Media,2023-06-01,2024-05-01,2024-06-01
234,Tocancipa_Media,2023-07-01,2024-06-01,2024-07-01
235,Tocancipa_Media,2023-08-01,2024-07-01,2024-08-01
236,Tocancipa_Media,2023-09-01,2024-08-01,2024-09-01
237,Tocancipa_Media,2023-10-01,2024-09-01,2024-10-01
238,Tocancipa_Media,2023-11-01,2024-10-01,2024-11-01
239,Tocancipa_Media,2023-12-01,2024-11-01,2024-12-01
240,Tocancipa_Media,2024-01-01,2024-12-01,2025-01-01
241,Tocancipa_Media,2024-02-01,2025-01-01,2025-02-01
242,Tocancipa_Media,2024-03-01,2025-02-01,2025-03-01
243,Tocancipa_Media,2024-04-01,2025-03-01,2025-04-01
244,Tocancipa_Media,2024-05-01,2025-04-01,2025-05-01
245,Tocancipa_Media,2024-06-01,2025-05-01,2025-06-01
246,Tocancipa_Media,2024-07-01,2025-06-01,2025-07-01
247,Tocancipa_Media,2024-08-01,2025-07-01,2025-08-01
248,Tocancipa_Media,2024-09-01,2025-08-01,2025-09-01
249,Tocancipa_Media,2024-10-01,2025-09-01,2025-10-01
250,Tocancipa_Media,2024-11-01,2025-10-01,2025-11-01
251,Tocancipa_Media,2024-12-01,2025-11-01,2025-12-01
252,Villapinzon_Alta,2018-01-01,2018-12-01,2019-01-01
253,Villapinzon_Alta,2018-02-01,2019-01-01,2019-02-01
254,Villapinzon_Alta,2018-03-01,2019-02-01,2019-03-01
255,Villapinzon_Alta,2018-04-01,2019-03-01,2019-04-01
256,Villapinzon_Alta,2018-05-01,2019-04-01,2019-05-01
257,Villapinzon_Alta,2018-06-01,2019-05-01,2019-06-01
258,Villapinzon_Alta,2018-07-01,2019-06-01,2019-07-01
259,Villapinzon_Alta,2018-08-01,2019-07-01,2019-08-01
260,Villapinzon_Alta,2018-09-01,2019-08-01,2019-09-01
261,Villapinzon_Alta,2018-10-01,2019-09-01,2019-10-01
262,Villapinzon_Alta,2018-11-01,2019-10-01,2019-11-01
263,Villapinzon_Alta,2018-12-01,2019-11-01,2019-12-01
264,Villapinzon_Alta,2019-01-01,2019-12-01,2020-01-01
265,Villapinzon_Alta,2019-02-01,2020-01-01,2020-02-01
266,Villapinzon_Alta,2019-03-01,2020-02-01,2020-03-01
267,Villapinzon_Alta,2019-04-01,2020-03-01,2020-04-01
268,Villapinzon_Alta,2019-05-01,2020-04-01,2020-05-01
269,Villapinzon_Alta,2019-06-01,2020-05-01,2020-06-01
270,Villapinzon_Alta,2019-07-01,2020-06-01,2020-07-01
271,Villapinzon_Alta,2019-08-01,2020-07-01,2020-08-01
272,Villapinzon_Alta,2019-09-01,2020-08-01,2020-09-01
273,Villapinzon_Alta,2019-10-01,2020-09-01,2020-10-01
274,Villapinzon_Alta,2019-11-01,2020-10-01,2020-11-01
275,Villapinzon_Alta,2019-12-01,2020-11-01,2020-12-01
276,Villapinzon_Alta,2020-01-01,2020-12-01,2021-01-01
277,Villapinzon_Alta,2020-02-01,2021-01-01,2021-02-01
278,Villapinzon_Alta,2020-03-01,2021-02-01,2021-03-01
279,Villapinzon_Alta,2020-04-01,2021-03-01,2021-04-01
280,Villapinzon_Alta,2020-05-01,2021-04-01,2021-05-01
281,Villapinzon_Alta,2020-06-01,2021-05-01,2021-06-01
282,Villapinzon_Alta,2020-07-01,2021-06-01,2021-07-01
283,Villapinzon_Alta,2020-08-01,2021-07-01,2021-08-01
284,Villapinzon_Alta,2020-09-01,2021-08-01,2021-09-01
285,Villapinzon_Alta,2020-10-01,2021-09-01,2021-10-01
286,Villapinzon_Alta,2020-11-01,2021-10-01,2021-11-01
287,Villapinzon_Alta,2020-12-01,2021-11-01,2021-12-01
288,Villapinzon_Alta,2021-01-01,2021-12-01,2022-01-01
289,Villapinzon_Alta,2021-02-01,2022-01-01,2022-02-01
290,Villapinzon_Alta,2021-03-01,2022-02-01,2022-03-01
291,Villapinzon_Alta,2021-04-01,2022-03-01,2022-04-01
292,Villapinzon_Alta,2021-05-01,2022-04-01,2022-05-01
293,Villapinzon_Alta,2021-06-01,2022-05-01,2022-06-01
294,Villapinzon_Alta,2021-07-01,2022-06-01,2022-07-01
295,Villapinzon_Alta,2021-08-01,2022-07-01,2022-08-01
296,Villapinzon_Alta,2021-09-01,2022-08-01,2022-09-01
297,Villapinzon_Alta,2021-10-01,2022-09-01,2022-10-01
298,Villapinzon_Alta,2021-11-01,2022-10-01,2022-11-01
299,Villapinzon_Alta,2021-12-01,2022-11-01,2022-12-01
300,Villapinzon_Alta,2022-01-01,2022-12-01,2023-01-01
301,Villapinzon_Alta,2022-02-01,2023-01-01,2023-02-01
302,Villapinzon_Alta,2022-03-01,2023-02-01,2023-03-01
303,Villapinzon_Alta,2022-04-01,2023-03-01,2023-04-01
304,Villapinzon_Alta,2022-05-01,2023-04-01,2023-05-01
305,Villapinzon_Alta,2022-06-01,2023-05-01,2023-06-01
306,Villapinzon_Alta,2022-07-01,2023-06-01,2023-07-01
307,Villapinzon_Alta,2022-08-01,2023-07-01,2023-08-01
308,Villapinzon_Alta,2022-09-01,2023-08-01,2023-09-01
309,Villapinzon_Alta,2022-10-01,2023-09-01,2023-10-01
310,Villapinzon_Alta,2022-11-01,2023-10-01,2023-11-01
311,Villapinzon_Alta,2022-12-01,2023-11-01,2023-12-01
312,Villapinzon_Alta,2023-01-01,2023-12-01,2024-01-01
313,Villapinzon_Alta,2023-02-01,2024-01-01,2024-02-01
314,Villapinzon_Alta,2023-03-01,2024-02-01,2024-03-01
315,Villapinzon_Alta,2023-04-01,2024-03-01,2024-04-01
316,Villapinzon_Alta,2023-05-01,2024-04-01,2024-05-01
317,Villapinzon_Alta,2023-06-01,2024-05-01,2024-06-01
318,Villapinzon_Alta,2023-07-01,2024-06-01,2024-07-01
319,Villapinzon_Alta,2023-08-01,2024-07-01,2024-08-01
320,Villapinzon_Alta,2023-09-01,2024-08-01,2024-09-01
321,Villapinzon_Alta,2023-10-01,2024-09-01,2024-10-01
322,Villapinzon_Alta,2023-11-01,2024-10-01,2024-11-01
323,Villapinzon_Alta,2023-12-01,2024-11-01,2024-12-01
324,Villapinzon_Alta,2024-01-01,2024-12-01,2025-01-01
325,Villapinzon_Alta,2024-02-01,2025-01-01,2025-02-01
326,Villapinzon_Alta,2024-03-01,2025-02-01,2025-03-01
327,Villapinzon_Alta,2024-04-01,2025-03-01,2025-04-01
328,Villapinzon_Alta,2024-05-01,2025-04-01,2025-05-01
329,Villapinzon_Alta,2024-06-01,2025-05-01,2025-06-01
330,Villapinzon_Alta,2024-07-01,2025-06-01,2025-07-01
331,Villapinzon_Alta,2024-08-01,2025-07-01,2025-08-01
332,Villapinzon_Alta,2024-09-01,2025-08-01,2025-09-01
333,Villapinzon_Alta,2024-10-01,2025-09-01,2025-10-01
334,Villapinzon_Alta,2024-11-01,2025-10-01,2025-11-01
335,Villapinzon_Alta,2024-12-01,2025-11-01,2025-12-01
