Indice_Secuencia,Nodo,Fecha_Inicio,Fecha_Fin,Fecha_Objetivo,Particion,Registro,Real,Prediccion,Error,Error_Absoluto,Error_Porcentual_Abs
71,Bogota_Sabana,2023-12-01,2024-11-01,2024-12-01,Prueba,71,492346400.0,397941097.4801242,94405302.51987582,94405302.51987582,19.1745694738249
72,Bogota_Sabana,2024-01-01,2024-12-01,2025-01-01,Prueba,72,478472860.0,402261095.7568172,76211768.24318278,76211768.24318278,15.928127586182772
73,Bogota_Sabana,2024-02-01,2025-01-01,2025-02-01,Prueba,73,453861340.0,403138561.3777873,50722782.62221271,50722782.62221271,11.1758322872751
74,Bogota_Sabana,2024-03-01,2025-02-01,2025-03-01,Prueba,74,431913250.0,404297965.8307809,27615282.169219077,27615282.169219077,6.393710379825875
75,Bogota_Sabana,2024-04-01,2025-03-01,2025-04-01,Prueba,75,410084320.0,409308976.9467879,775343.0532121062,775343.0532121062,0.18906917806857532
76,Bogota_Sabana,2024-05-01,2025-04-01,2025-05-01,Prueba,76,404057540.0,409134475.35626054,-5076939.356260538,5076939.356260538,1.2564892135214472
77,Bogota_Sabana,2024-06-01,2025-05-01,2025-06-01,Prueba,77,420179940.0,410289084.20666635,9890851.79333365,9890851.79333365,2.3539562330110044
78,Bogota_Sabana,2024-07-01,2025-06-01,2025-07-01,Prueba,78,431375580.0,412379216.80206543,18996367.197934568,18996367.197934568,4.4036723223386165
79,Bogota_Sabana,2024-08-01,2025-07-01,2025-08-01,Prueba,79,436014400.0,413648202.39484763,22366197.60515237,22366197.60515237,5.129692415010231
80,Bogota_Sabana,2024-09-01,2025-08-01,2025-09-01,Prueba,80,420453920.0,416172115.9204606,4281804.079539418,4281804.079539418,1.0183765392268
81,Bogota_Sabana,2024-10-01,2025-09-01,2025-10-01,Prueba,81,406067140.0,418111179.7027984,-12044043.702798426,12044043.702798426,2.9660227669343886
82,Bogota_Sabana,2024-11-01,2025-10-01,2025-11-01,Prueba,82,415953200.0,416833594.5928557,-880378.5928556919,880378.5928556919,0.21165327228908645
83,Bogota_Sabana,2024-12-01,2025-11-01,2025-12-01,Prueba,83,425201800.0,428254282.41099614,-3052490.410996139,3052490.410996139,0.7178921792963984
155,Sopo_Sur,2023-12-01,2024-11-01,2024-12-01,Prueba,155,492346400.0,415364761.09866893,76981638.90133107,76981638.90133107,15.635666047589881
156,Sopo_Sur,2024-01-01,2024-12-01,2025-01-01,Prueba,156,478472860.0,419970561.54606503,58502302.45393497,58502302.45393497,12.226879903879976
157,Sopo_Sur,2024-02-01,2025-01-01,2025-02-01,Prueba,157,453861340.0,420771571.4939147,33089772.506085277,33089772.506085277,7.290722804118184
158,Sopo_Sur,2024-03-01,2025-02-01,2025-03-01,Prueba,158,431913250.0,421951341.2442673,9961906.755732715,9961906.755732715,2.3064601055563627
159,Sopo_Sur,2024-04-01,2025-03-01,2025-04-01,Prueba,159,410084320.0,422292724.8271163,-12208404.82711631,12208404.82711631,2.9770474587071045
160,Sopo_Sur,2024-05-01,2025-04-01,2025-05-01,Prueba,160,404057540.0,425298386.88494587,-21240850.88494587,21240850.88494587,5.256887693574875
161,Sopo_Sur,2024-06-01,2025-05-01,2025-06-01,Prueba,161,420179940.0,425293058.00888073,-5113122.008880734,5113122.008880734,1.2168886638320433
162,Sopo_Sur,2024-07-01,2025-06-01,2025-07-01,Prueba,162,431375580.0,428345708.3285643,3029875.671435714,3029875.671435714,0.702375327629974
163,Sopo_Sur,2024-08-01,2025-07-01,2025-08-01,Prueba,163,436014400.0,431951361.3148913,4063038.6851087213,4063038.6851087213,0.9318588296874418
164,Sopo_Sur,2024-09-01,2025-08-01,2025-09-01,Prueba,164,420453920.0,436287768.3624601,-15833848.362460077,15833848.362460077,3.7658938612012647
165,Sopo_Sur,2024-10-01,2025-09-01,2025-10-01,Prueba,165,406067140.0,438604561.47926813,-32537425.479268134,32537425.479268134,8.01281921008947
166,Sopo_Sur,2024-11-01,2025-10-01,2025-11-01,Prueba,166,415953200.0,440746342.1125792,-24793126.112579226,24793126.112579226,5.960556418099488
167,Sopo_Sur,2024-12-01,2025-11-01,2025-12-01,Prueba,167,425201800.0,442042451.3372492,-16840659.33724922,16840659.33724922,3.960627554751514
239,Tocancipa_Media,2023-12-01,2024-11-01,2024-12-01,Prueba,239,492346400.0,408802402.6434343,83543997.35656571,83543997.35656571,16.968540311570415
240,Tocancipa_Media,2024-01-01,2024-12-01,2025-01-01,Prueba,240,478472860.0,414834216.4997928,63638647.500207186,63638647.500207186,13.300367123893402
241,Tocancipa_Media,2024-02-01,2025-01-01,2025-02-01,Prueba,241,453861340.0,416742037.09333694,37119306.90666306,37119306.90666306,8.178556600463216
242,Tocancipa_Media,2024-03-01,2025-02-01,2025-03-01,Prueba,242,431913250.0,416911385.76489437,15001862.235105634,15001862.235105634,3.473350795460118
243,Tocancipa_Media,2024-04-01,2025-03-01,2025-04-01,Prueba,243,410084320.0,412633175.3689742,-2548855.368974209,2548855.368974209,0.6215442153394719
244,Tocancipa_Media,2024-05-01,2025-04-01,2025-05-01,Prueba,244,404057540.0,404059445.1837573,-1909.1837573051453,1909.1837573051453,0.00047250294505214854
245,Tocancipa_Media,2024-06-01,2025-05-01,2025-06-01,Prueba,245,420179940.0,401161828.4998409,19018107.500159085,19018107.500159085,4.526181730904706
246,Tocancipa_Media,2024-07-01,2025-06-01,2025-07-01,Prueba,246,431375580.0,401400924.8661324,29974659.13386762,29974659.13386762,6.948622093054674
247,Tocancipa_Media,2024-08-01,2025-07-01,2025-08-01,Prueba,247,436014400.0,403674202.55849314,32340197.441506863,32340197.441506863,7.417231504626192
248,Tocancipa_Media,2024-09-01,2025-08-01,2025-09-01,Prueba,248,420453920.0,405470395.7392745,14983524.260725498,14983524.260725498,3.5636543145383204
249,Tocancipa_Media,2024-10-01,2025-09-01,2025-10-01,Prueba,249,406067140.0,407824828.23963773,-1757692.2396377325,1757692.2396377325,0.4328575459102734
250,Tocancipa_Media,2024-11-01,2025-10-01,2025-11-01,Prueba,250,415953200.0,411621053.17865604,4332162.821343958,4332162.821343958,1.04150242255705
251,Tocancipa_Media,2024-12-01,2025-11-01,2025-12-01,Prueba,251,425201800.0,416428920.6705595,8772871.329440475,8772871.329440475,2.063225389567614
323,Villapinzon_Alta,2023-12-01,2024-11-01,2024-12-01,Prueba,323,492346400.0,399603205.1803754,92743194.8196246,92743194.8196246,18.83698039015307
324,Villapinzon_Alta,2024-01-01,2024-12-01,2025-01-01,Prueba,324,478472860.0,402318891.4886808,76153972.51131922,76153972.51131922,15.916048378308705
325,Villapinzon_Alta,2024-02-01,2025-01-01,2025-02-01,Prueba,325,453861340.0,406862920.19125354,46998423.80874646,46998423.80874646,10.35523831894052
326,Villapinzon_Alta,2024-03-01,2025-02-01,2025-03-01,Prueba,326,431913250.0,409646311.3941561,22266936.6058439,22266936.6058439,5.155418758038166
327,Villapinzon_Alta,2024-04-01,2025-03-01,2025-04-01,Prueba,327,410084320.0,407878129.3481554,2206190.6518446207,2206190.6518446207,0.5379846398039849
328,Villapinzon_Alta,2024-05-01,2025-04-01,2025-05-01,Prueba,328,404057540.0,412474616.4173684,-8417080.417368412,8417080.417368412,2.083139074868885
329,Villapinzon_Alta,2024-06-01,2025-05-01,2025-06-01,Prueba,329,420179940.0,415210034.6160769,4969901.383923113,4969901.383923113,1.1828031179297227
330,Villapinzon_Alta,2024-07-01,2025-06-01,2025-07-01,Prueba,330,431375580.0,416571916.6801335,14803667.319866478,14803667.319866478,3.4317350978924384
331,Villapinzon_Alta,2024-08-01,2025-07-01,2025-08-01,Prueba,331,436014400.0,418776831.56814384,17237568.431856155,17237568.431856155,3.9534401689155576
332,Villapinzon_Alta,2024-09-01,2025-08-01,2025-09-01,Prueba,332,420453920.0,421391906.3039404,-937986.3039404154,937986.3039404154,0.22308896631060435
333,Villapinzon_Alta,2024-10-01,2025-09-01,2025-10-01,Prueba,333,406067140.0,423085737.60216004,-17018601.602160037,17018601.602160037,4.191080758172963
334,Villapinzon_Alta,2024-11-01,2025-10-01,2025-11-01,Prueba,334,415953200.0,427851729.6206139,-11898513.620613873,11898513.620613873,2.8605413212176902
335,Villapinzon_Alta,2024-12-01,2025-11-01,2025-12-01,Prueba,335,425201800.0,432145054.5766695,-6943262.576669514,6943262.576669514,1.6329335170510086
